EmployeeID,Name,Age,Gender,Department,JobRole,Salary,YearsAtCompany,PerformanceRating,EducationLevel,MaritalStatus,Overtime,SatisfactionScore,WorkLifeBalance,Attrition
1,Asha Reddy,33,Male,Finance,Accountant,57349,4,3,Bachelor,Single,No,5,1,No
2,Naveen Jain,34,Female,IT,Data Analyst,69864,9,4,Master,Single,No,3,1,No
3,Anu Das,29,Female,IT,Software Engineer,67335,3,5,Bachelor,Single,Yes,3,5,No
4,Shreya Singh,40,Female,Sales,Sales Manager,83087,6,4,Master,Married,No,5,2,Yes
5,Vikram Reddy,28,Female,Marketing,Marketing Executive,43641,6,5,Bachelor,Single,No,2,3,Yes
6,Harish Patel,28,Female,Finance,Accountant,48626,3,3,Bachelor,Married,No,5,2,No
7,Rakesh Das,32,Male,IT,Data Analyst,66477,0,3,Bachelor,Married,No,3,2,No
8,Meena Kulkarni,21,Female,IT,Software Engineer,73723,2,4,Master,Married,No,5,4,No
9,Sanjay Kumar,24,Female,Sales,Sales Executive,49526,5,3,Bachelor,Married,No,4,4,No
10,Asha Kumar,25,Female,Operations,Operations Executive,48246,0,4,Master,Single,No,1,3,Yes
11,Harish Kulkarni,39,Female,Operations,Operations Executive,39293,3,5,Bachelor,Married,No,2,3,No
12,Akash Reddy,31,Male,Operations,Operations Manager,61898,0,3,Bachelor,Single,No,3,2,Yes
13,Ritu Jain,27,Female,HR,Recruiter,39342,4,5,Master,Single,No,5,2,No
14,Priya Mishra,24,Female,Operations,Operations Manager,63965,5,4,Bachelor,Married,No,5,4,No
15,Sneha Kumar,27,Female,HR,HR Manager,65827,3,4,Bachelor,Married,Yes,1,1,Yes
16,Shreya Jain,27,Female,Finance,Accountant,44239,10,4,Diploma,Single,Yes,4,4,Yes
17,Bhavana Nair,30,Male,IT,BI Analyst,71862,1,5,Bachelor,Married,No,1,4,No
18,Deepa Sharma,35,Male,IT,Software Engineer,56416,0,3,Bachelor,Single,No,1,4,Yes
19,Vikram Das,32,Female,Operations,Operations Executive,34070,0,3,Bachelor,Married,No,2,4,No
20,Nisha Kulkarni,23,Female,IT,BI Analyst,49873,5,3,Bachelor,Single,No,1,3,Yes
21,Rakesh Chopra,35,Female,Operations,Operations Manager,73230,5,2,Bachelor,Married,Yes,1,2,Yes
22,Meena Joshi,30,Female,IT,Data Analyst,52821,3,3,Master,Single,No,2,3,No
23,Neha Reddy,22,Female,Sales,Sales Executive,38690,2,3,Diploma,Married,Yes,2,5,Yes
24,Pooja Nair,28,Male,Operations,Supply Chain Analyst,63884,7,3,Master,Married,No,5,1,No
25,Varun Kumar,33,Male,Operations,Operations Executive,45235,0,3,Bachelor,Single,Yes,5,2,Yes
26,Deepa Jain,32,Female,Sales,Sales Manager,65294,3,3,Bachelor,Single,Yes,2,3,No
27,Meena Patel,26,Female,Sales,Sales Executive,48105,6,5,Master,Single,Yes,3,5,Yes
28,Isha Singh,37,Male,IT,Data Analyst,69558,7,3,Bachelor,Single,No,4,5,No
29,Arun Rao,25,Male,Operations,Operations Executive,39216,3,2,Master,Single,No,2,3,No
30,Ankit Mishra,32,Female,Operations,Supply Chain Analyst,42775,7,3,Diploma,Single,No,2,2,No
31,Vikram Verma,28,Male,IT,Data Analyst,48779,3,3,Bachelor,Married,No,3,1,No
32,Akash Iyer,24,Female,Sales,Sales Manager,63789,0,3,Bachelor,Married,Yes,5,5,No
33,Shreya Mishra,35,Female,IT,BI Analyst,62132,8,4,Master,Married,No,2,3,Yes
34,Kavya Rao,30,Female,Finance,Finance Manager,83166,7,4,Bachelor,Single,No,4,3,No
35,Manoj Das,33,Male,Finance,Accountant,59453,2,3,Master,Single,Yes,5,5,No
36,Rohan Reddy,33,Male,Finance,Finance Manager,86753,9,4,Diploma,Married,No,3,5,No
37,Rakesh Chopra,30,Male,Marketing,Marketing Executive,34386,9,3,Bachelor,Single,Yes,4,5,No
38,Naveen Kulkarni,21,Male,IT,BI Analyst,55170,6,3,Bachelor,Married,No,1,4,Yes
39,Harish Das,31,Female,Sales,Business Development Executive,54511,3,5,Bachelor,Single,No,5,5,No
40,Ajay Kumar,31,Male,Finance,Finance Manager,73493,0,4,Master,Married,No,4,4,No
41,Priya Gupta,29,Male,Marketing,SEO Specialist,46476,5,4,Bachelor,Single,Yes,3,3,No
42,Ankit Chopra,39,Female,IT,BI Analyst,54777,2,4,Bachelor,Single,No,4,1,No
43,Rakesh Singh,26,Male,Operations,Operations Executive,51895,2,3,Diploma,Single,No,4,5,No
44,Deepa Sharma,36,Male,Sales,Sales Manager,64182,5,3,Bachelor,Married,No,2,4,No
45,Rohan Mishra,27,Female,Operations,Operations Manager,70726,6,3,Bachelor,Married,Yes,3,4,No
46,Neha Singh,31,Male,Marketing,Digital Marketing Analyst,41706,7,4,Master,Single,Yes,1,5,No
47,Arun Chopra,26,Female,Finance,Finance Manager,69136,3,4,Diploma,Single,Yes,2,2,Yes
48,Asha Joshi,28,Male,Operations,Supply Chain Analyst,52192,0,4,Bachelor,Married,No,1,2,Yes
49,Bhavana Malhotra,32,Male,Sales,Sales Manager,82845,5,5,Bachelor,Married,No,2,1,No
50,Arun Jain,31,Female,Marketing,SEO Specialist,49764,3,3,Bachelor,Single,No,3,1,No
51,Harish Pillai,22,Male,Operations,Operations Manager,86483,3,4,Bachelor,Married,No,3,5,No
52,Shreya Rao,28,Male,Sales,Business Development Executive,50227,2,3,Bachelor,Married,Yes,4,2,No
53,Divya Reddy,30,Male,IT,BI Analyst,66212,5,3,Bachelor,Married,No,5,3,Yes
54,Ankit Singh,42,Male,IT,BI Analyst,51049,5,4,Bachelor,Single,No,4,1,No
55,Sneha Nair,32,Male,IT,System Admin,50877,4,4,Bachelor,Married,No,3,4,No
56,Harish Kulkarni,21,Female,Finance,Financial Analyst,68743,4,4,Diploma,Married,Yes,4,3,No
57,Deepa Joshi,31,Female,Sales,Sales Executive,31491,11,3,Bachelor,Single,No,2,3,No
58,Bhavana Pillai,29,Male,Finance,Accountant,39683,5,3,Bachelor,Single,No,3,2,No
59,Arun Bhat,30,Male,IT,Data Analyst,47791,0,3,Master,Married,Yes,5,3,No
60,Rahul Malhotra,37,Female,Marketing,SEO Specialist,46006,6,4,Bachelor,Married,Yes,5,4,No
61,Manoj Malhotra,35,Female,Operations,Operations Executive,39129,1,4,Bachelor,Single,Yes,5,1,Yes
62,Isha Iyer,39,Female,Sales,Sales Executive,49326,0,3,Bachelor,Married,Yes,2,3,No
63,Akash Joshi,34,Female,Sales,Business Development Executive,54498,11,4,Diploma,Married,Yes,2,3,No
64,Anu Mishra,25,Male,Sales,Sales Manager,61306,2,4,Diploma,Single,No,1,5,No
65,Harish Verma,31,Female,Finance,Accountant,56882,2,3,Master,Married,No,1,3,Yes
66,Rohan Mishra,21,Male,Sales,Business Development Executive,50401,4,5,Bachelor,Married,No,4,1,No
67,Vikram Mishra,24,Male,Finance,Accountant,52903,5,3,Bachelor,Married,No,5,1,Yes
68,Harish Patel,25,Female,IT,BI Analyst,64334,9,4,Master,Single,Yes,3,5,No
69,Asha Bhat,26,Male,IT,Software Engineer,60379,3,3,Master,Single,No,5,2,No
70,Nisha Pillai,35,Female,Sales,Sales Executive,38959,0,3,Bachelor,Married,No,3,5,No
71,Swathi Kulkarni,32,Male,IT,Software Engineer,77193,8,3,Master,Married,Yes,1,3,Yes
72,Rohan Bhat,21,Male,IT,Data Analyst,62648,5,4,Master,Single,No,2,4,No
73,Anu Pillai,32,Male,Marketing,Digital Marketing Analyst,53460,6,5,Master,Married,Yes,4,2,Yes
74,Rohan Nair,23,Male,Finance,Financial Analyst,61459,0,5,Master,Married,Yes,1,2,No
75,Vikram Mishra,34,Female,Operations,Supply Chain Analyst,57384,5,4,Bachelor,Married,No,2,1,No
76,Priya Singh,32,Female,Finance,Financial Analyst,62728,5,5,Master,Married,No,3,4,No
77,Rakesh Sharma,26,Female,Finance,Financial Analyst,50451,5,4,Bachelor,Single,No,1,4,No
78,Bhavana Rao,32,Male,HR,HR Executive,34868,2,3,Bachelor,Single,No,2,2,Yes
79,Shreya Bhat,42,Male,Finance,Accountant,53245,5,5,Bachelor,Single,Yes,3,1,No
80,Bhavana Pillai,23,Male,IT,BI Analyst,54527,6,5,Bachelor,Married,No,4,3,No
81,Shreya Patel,25,Male,IT,BI Analyst,48265,6,4,Diploma,Single,No,4,3,No
82,Vikram Gupta,37,Male,Operations,Operations Manager,80860,2,4,Diploma,Married,Yes,3,2,Yes
83,Karan Iyer,36,Female,Finance,Finance Manager,75705,5,3,Bachelor,Single,No,1,3,No
84,Priya Gupta,35,Male,IT,System Admin,45773,10,4,Bachelor,Married,No,3,3,No
85,Neha Kumar,29,Male,Marketing,Marketing Executive,49582,2,5,Master,Single,No,1,3,Yes
86,Priya Das,25,Male,Sales,Business Development Executive,54991,2,3,Bachelor,Single,No,5,3,No
87,Meena Rao,30,Male,Operations,Supply Chain Analyst,49693,5,3,Bachelor,Single,No,1,1,No
88,Vikram Patel,32,Male,Sales,Business Development Executive,48373,6,4,Master,Married,No,4,5,No
89,Ankit Kumar,31,Male,Finance,Accountant,59129,8,3,Bachelor,Single,No,3,5,No
90,Swathi Chopra,29,Male,IT,Data Analyst,52981,12,3,Bachelor,Married,No,1,3,No
91,Meena Gupta,34,Female,IT,Software Engineer,68171,1,4,Bachelor,Married,No,5,1,No
92,Vikram Patel,24,Female,Sales,Sales Executive,40609,5,4,Bachelor,Single,No,2,5,Yes
93,Ritu Patel,29,Female,IT,BI Analyst,64509,6,4,Bachelor,Married,No,1,4,No
94,Naveen Das,33,Male,Finance,Finance Manager,87482,4,3,Diploma,Single,No,4,4,No
95,Sanjay Joshi,25,Male,HR,HR Executive,38240,0,4,Bachelor,Single,No,5,3,No
96,Sneha Jain,28,Male,Sales,Business Development Executive,49092,7,3,Master,Married,No,5,2,No
97,Priya Reddy,32,Male,IT,BI Analyst,70505,0,3,Bachelor,Single,No,3,2,No
98,Kavya Shetty,32,Male,Marketing,Marketing Executive,42801,5,3,Master,Married,No,5,5,No
99,Bhavana Nair,25,Female,Operations,Supply Chain Analyst,63519,4,5,Master,Single,No,2,2,No
100,Asha Malhotra,31,Female,IT,System Admin,64117,1,4,Master,Married,No,5,5,No
101,Akash Rao,33,Male,Operations,Operations Manager,65944,6,2,Bachelor,Married,No,3,1,No
102,Harish Chopra,37,Female,HR,HR Manager,65211,7,3,Master,Single,No,2,3,No
103,Vikram Iyer,22,Female,Sales,Sales Executive,49892,1,3,Master,Married,Yes,4,4,No
104,Ritu Patel,34,Male,Marketing,Marketing Executive,39225,6,3,Bachelor,Married,No,3,1,No
105,Deepa Singh,34,Female,HR,Recruiter,37878,16,4,Master,Single,Yes,4,4,Yes
106,Ankit Jain,34,Male,Sales,Business Development Executive,53866,7,2,Master,Single,Yes,1,3,Yes
107,Sneha Jain,36,Female,IT,BI Analyst,62310,6,5,Bachelor,Married,No,3,1,No
108,Sanjay Kulkarni,29,Female,Sales,Business Development Executive,51727,6,3,Bachelor,Single,No,2,1,No
109,Meena Reddy,26,Male,IT,System Admin,48464,3,4,Master,Married,Yes,2,3,Yes
110,Varun Mishra,28,Male,IT,BI Analyst,58590,4,4,Master,Single,No,5,5,No
111,Rahul Patel,44,Male,IT,Data Analyst,55171,0,3,Bachelor,Single,Yes,5,1,No
112,Swathi Patel,35,Female,IT,System Admin,61016,0,4,Diploma,Single,No,4,4,No
113,Karan Patel,28,Female,Sales,Business Development Executive,37763,7,3,Bachelor,Single,Yes,1,3,No
114,Rahul Mishra,31,Male,IT,BI Analyst,59087,1,4,Master,Single,No,4,4,No
115,Meena Shetty,26,Male,HR,HR Executive,33335,6,3,Master,Married,No,2,3,No
116,Anu Kulkarni,26,Female,IT,BI Analyst,69958,5,4,Diploma,Single,No,3,2,No
117,Meena Gupta,31,Male,HR,HR Manager,61291,2,4,Bachelor,Single,No,3,4,No
118,Harish Malhotra,43,Female,HR,HR Executive,34962,6,4,Diploma,Married,No,2,2,No
119,Sneha Joshi,21,Male,Marketing,Marketing Executive,46710,5,2,Bachelor,Married,No,5,3,No
120,Karan Iyer,27,Female,Operations,Supply Chain Analyst,58479,7,3,Diploma,Married,No,3,4,No
121,Karan Kumar,26,Male,Marketing,Marketing Executive,41340,4,2,Bachelor,Single,No,5,1,Yes
122,Sanjay Shetty,34,Female,Sales,Business Development Executive,48595,7,4,Bachelor,Married,No,3,1,Yes
123,Isha Pillai,23,Male,IT,Data Analyst,49508,3,3,Bachelor,Single,No,3,2,Yes
124,Arun Joshi,28,Male,Finance,Accountant,57951,2,3,Bachelor,Single,Yes,2,5,No
125,Sanjay Chopra,41,Female,IT,Data Analyst,62565,5,3,Master,Married,Yes,4,5,Yes
126,Sanjay Bhat,23,Male,IT,Software Engineer,73632,7,3,Master,Single,No,1,5,Yes
127,Neha Singh,43,Female,Sales,Business Development Executive,46701,7,3,Bachelor,Married,No,3,1,No
128,Ajay Das,21,Female,Finance,Finance Manager,91657,3,4,Master,Single,Yes,5,3,No
129,Rakesh Patel,38,Female,Operations,Supply Chain Analyst,43435,2,4,Bachelor,Married,No,3,2,No
130,Rahul Mishra,33,Male,IT,System Admin,53697,6,5,Master,Single,No,2,3,No
131,Isha Kulkarni,25,Male,IT,System Admin,64677,4,5,Master,Married,No,2,4,No
132,Pooja Joshi,21,Male,IT,Data Analyst,47623,1,2,Master,Married,No,3,1,No
133,Swathi Patel,29,Male,Sales,Business Development Executive,49252,0,3,Bachelor,Single,No,3,5,No
134,Rahul Gupta,40,Male,HR,HR Manager,77219,0,3,Master,Married,No,2,5,No
135,Priya Chopra,28,Male,HR,HR Manager,67190,4,3,Diploma,Single,Yes,4,3,No
136,Deepa Nair,39,Male,IT,System Admin,58965,0,3,Bachelor,Married,Yes,2,4,Yes
137,Manoj Verma,37,Male,IT,System Admin,46447,4,3,Master,Married,No,2,1,No
138,Pooja Verma,25,Female,Operations,Supply Chain Analyst,59765,5,4,Diploma,Married,No,1,5,No
139,Neha Bhat,32,Female,Finance,Finance Manager,90898,2,4,Bachelor,Single,Yes,2,2,Yes
140,Ajay Chopra,31,Female,Sales,Sales Manager,73460,3,4,Bachelor,Single,No,4,5,No
141,Meena Jain,31,Female,HR,Recruiter,37981,6,3,Master,Single,No,5,5,No
142,Bhavana Reddy,40,Female,Sales,Sales Executive,47003,0,4,Bachelor,Single,No,2,3,No
143,Ritu Malhotra,43,Female,IT,System Admin,47052,0,4,Master,Single,No,5,5,No
144,Asha Pillai,30,Female,IT,Data Analyst,58650,6,3,Diploma,Married,Yes,2,5,No
145,Rahul Verma,32,Male,Operations,Operations Manager,74861,2,4,Bachelor,Single,No,4,3,Yes
146,Sanjay Bhat,29,Male,Sales,Sales Manager,64284,3,3,Master,Single,No,3,4,No
147,Bhavana Verma,27,Male,IT,Software Engineer,77402,7,3,Bachelor,Single,Yes,4,5,No
148,Ankit Kulkarni,33,Male,Marketing,SEO Specialist,36759,2,3,Bachelor,Married,No,3,4,Yes
149,Arun Jain,36,Female,Sales,Sales Executive,47586,5,4,Bachelor,Single,No,4,3,Yes
150,Ankit Kulkarni,35,Male,IT,System Admin,60128,6,4,Bachelor,Single,No,2,3,No
151,Rohan Bhat,26,Male,Sales,Business Development Executive,47228,2,4,Master,Married,Yes,1,4,No
152,Ritu Kulkarni,35,Female,Operations,Operations Executive,51017,6,4,Bachelor,Single,Yes,3,4,No
153,Akash Joshi,30,Female,IT,System Admin,59443,4,3,Master,Married,No,5,5,No
154,Varun Chopra,38,Male,Sales,Sales Executive,45551,2,3,Bachelor,Single,Yes,1,5,Yes
155,Naveen Nair,34,Female,Sales,Business Development Executive,42936,3,4,Bachelor,Married,No,4,2,Yes
156,Meena Kulkarni,29,Male,IT,BI Analyst,71835,7,3,Bachelor,Single,No,5,4,Yes
157,Bhavana Kumar,35,Male,IT,System Admin,53609,6,4,Bachelor,Single,No,3,5,No
158,Neha Bhat,38,Female,Finance,Accountant,54023,4,3,Bachelor,Married,No,3,2,No
159,Pooja Patel,35,Male,Operations,Operations Manager,85331,3,3,Master,Single,No,4,3,No
160,Meena Nair,32,Male,IT,Data Analyst,63416,4,5,Master,Married,Yes,5,3,No
161,Nisha Nair,31,Female,Finance,Finance Manager,78543,6,3,Master,Single,No,1,1,Yes
162,Pooja Mishra,26,Female,Finance,Accountant,59316,10,5,Diploma,Single,No,4,4,No
163,Karan Patel,24,Female,IT,Data Analyst,58693,0,4,Bachelor,Married,No,1,2,No
164,Arun Mishra,37,Male,Operations,Supply Chain Analyst,51777,6,3,Master,Married,Yes,1,1,No
165,Karan Sharma,34,Female,IT,BI Analyst,69243,6,5,Bachelor,Single,Yes,2,4,Yes
166,Arun Verma,30,Female,Finance,Financial Analyst,47842,1,3,Master,Married,No,5,3,No
167,Akash Sharma,31,Male,Operations,Supply Chain Analyst,51894,2,5,Bachelor,Single,No,3,3,No
168,Isha Joshi,36,Female,IT,System Admin,64619,4,2,Bachelor,Single,No,5,3,No
169,Swathi Iyer,26,Female,IT,Software Engineer,80856,3,5,Bachelor,Single,No,3,4,No
170,Divya Chopra,33,Female,Marketing,SEO Specialist,53945,2,4,Master,Single,No,1,1,No
171,Rahul Das,26,Male,Sales,Sales Executive,46723,5,5,Bachelor,Married,No,4,1,No
172,Anu Iyer,32,Male,IT,BI Analyst,56338,2,4,Master,Married,Yes,1,4,No
173,Karan Gupta,28,Male,Sales,Sales Executive,31039,5,3,Bachelor,Married,No,1,4,Yes
174,Shreya Bhat,22,Male,Marketing,SEO Specialist,38629,0,3,Diploma,Single,No,4,4,No
175,Manoj Bhat,26,Female,IT,System Admin,42744,3,3,Master,Single,No,2,1,No
176,Ritu Sharma,32,Female,Sales,Sales Manager,86524,8,3,Bachelor,Single,No,1,1,No
177,Deepa Iyer,36,Female,IT,Data Analyst,58181,4,4,Bachelor,Married,No,2,1,No
178,Rakesh Gupta,30,Female,Marketing,Marketing Executive,42507,1,4,Bachelor,Married,No,3,5,No
179,Neha Rao,30,Female,Operations,Operations Manager,78214,3,3,Bachelor,Single,No,2,4,No
180,Meena Das,32,Male,Marketing,Digital Marketing Analyst,49854,2,3,Bachelor,Single,No,2,2,No
181,Manoj Shetty,34,Male,Operations,Operations Manager,81191,9,5,Master,Single,Yes,2,3,Yes
182,Shreya Bhat,30,Female,HR,HR Manager,79959,5,2,Bachelor,Married,Yes,1,2,No
183,Naveen Iyer,35,Male,IT,Software Engineer,65898,3,3,Diploma,Single,Yes,1,4,No
184,Manoj Nair,32,Male,Sales,Sales Executive,46803,4,4,Bachelor,Single,No,3,3,No
185,Asha Kumar,31,Male,Marketing,SEO Specialist,43250,2,4,Bachelor,Single,Yes,1,5,No
186,Shreya Mishra,31,Male,Sales,Business Development Executive,53043,5,3,Bachelor,Single,No,2,4,No
187,Deepa Patel,39,Male,IT,BI Analyst,54030,7,3,Master,Single,Yes,5,4,No
188,Neha Patel,43,Female,Sales,Sales Executive,37167,2,4,Bachelor,Married,Yes,2,1,Yes
189,Pooja Sharma,36,Male,Finance,Finance Manager,88664,5,4,Bachelor,Single,No,1,5,No
190,Vikram Shetty,44,Male,Sales,Business Development Executive,41289,2,4,Diploma,Single,Yes,2,2,No
191,Priya Patel,25,Female,IT,BI Analyst,70414,2,3,Bachelor,Single,No,2,3,No
192,Akash Nair,21,Male,HR,Recruiter,45566,2,4,Bachelor,Single,Yes,4,4,No
193,Akash Patel,26,Female,Operations,Operations Executive,43187,4,3,Master,Married,No,1,1,No
194,Sneha Chopra,33,Female,IT,System Admin,51806,10,5,Master,Married,No,4,1,No
195,Kavya Singh,36,Male,Marketing,Digital Marketing Analyst,51333,2,3,Master,Married,No,1,5,Yes
196,Ankit Jain,25,Male,Marketing,Digital Marketing Analyst,47475,5,5,Bachelor,Married,No,4,4,No
197,Varun Gupta,23,Female,IT,BI Analyst,60451,9,4,Bachelor,Single,Yes,3,2,No
198,Kavya Das,38,Male,Finance,Financial Analyst,49341,3,3,Bachelor,Single,No,3,1,Yes
199,Ankit Reddy,21,Male,Sales,Business Development Executive,35404,8,3,Bachelor,Single,No,3,4,No
200,Karan Jain,30,Female,Finance,Finance Manager,81158,8,4,Bachelor,Single,Yes,3,3,Yes
201,Arun Gupta,21,Male,IT,System Admin,62207,2,4,Bachelor,Married,No,4,5,No
202,Ritu Iyer,31,Male,IT,BI Analyst,52460,4,4,Bachelor,Married,No,4,5,No
203,Ajay Rao,28,Male,Sales,Sales Executive,40678,6,5,Bachelor,Married,No,5,2,No
204,Priya Jain,24,Female,IT,Software Engineer,69092,4,4,Master,Married,No,2,4,No
205,Ankit Bhat,31,Male,Finance,Accountant,57593,6,3,Master,Married,No,1,4,No
206,Sneha Shetty,35,Male,Sales,Business Development Executive,37784,1,4,Master,Single,No,5,5,Yes
207,Sanjay Bhat,21,Male,IT,Data Analyst,52274,8,5,Bachelor,Married,Yes,1,3,No
208,Nisha Nair,32,Female,Sales,Business Development Executive,46303,2,3,Bachelor,Married,No,5,2,No
209,Arun Das,40,Female,IT,Data Analyst,60824,4,4,Master,Single,No,2,5,No
210,Isha Singh,38,Male,Finance,Financial Analyst,67188,4,2,Bachelor,Married,Yes,3,1,No
211,Anu Malhotra,43,Female,Sales,Business Development Executive,49160,9,3,Bachelor,Single,No,2,2,Yes
212,Deepa Verma,29,Male,Operations,Supply Chain Analyst,45334,7,3,Master,Single,No,1,5,No
213,Akash Nair,34,Male,IT,Software Engineer,75469,8,3,Master,Single,No,3,5,No
214,Pooja Nair,25,Female,IT,BI Analyst,58262,6,4,Master,Single,No,1,2,Yes
215,Meena Verma,37,Male,IT,Software Engineer,60935,0,3,Bachelor,Single,Yes,5,2,No
216,Kavya Pillai,23,Female,IT,BI Analyst,64562,0,5,Diploma,Single,Yes,4,5,No
217,Karan Das,29,Male,Sales,Sales Manager,67367,6,3,Master,Married,Yes,1,3,No
218,Deepa Iyer,40,Female,Sales,Sales Manager,84903,4,4,Bachelor,Single,No,5,1,No
219,Sneha Iyer,40,Female,Operations,Operations Executive,37846,0,3,Diploma,Single,No,1,4,No
220,Deepa Kumar,21,Male,Marketing,SEO Specialist,37945,4,5,Master,Single,No,2,2,No
221,Swathi Jain,33,Male,Sales,Sales Executive,34442,4,5,Bachelor,Single,No,5,1,No
222,Varun Kumar,21,Female,Operations,Supply Chain Analyst,58038,4,4,Bachelor,Single,No,2,4,Yes
223,Rohan Chopra,23,Male,Finance,Financial Analyst,59899,6,2,Master,Married,No,3,3,No
224,Kavya Iyer,33,Female,HR,HR Manager,68032,1,4,Bachelor,Married,No,1,5,Yes
225,Swathi Das,27,Male,Sales,Sales Manager,61505,1,3,Master,Single,No,3,1,Yes
226,Rakesh Kumar,30,Male,HR,HR Executive,34604,7,3,Diploma,Single,No,2,3,No
227,Naveen Nair,25,Male,HR,Recruiter,42032,6,3,Master,Married,Yes,3,2,No
228,Meena Pillai,27,Female,HR,Recruiter,49095,2,3,Bachelor,Married,Yes,3,1,No
229,Bhavana Gupta,30,Female,HR,Recruiter,47672,1,4,Bachelor,Single,No,2,4,No
230,Isha Jain,27,Female,Finance,Finance Manager,85580,0,2,Master,Married,Yes,3,2,No
231,Meena Singh,42,Female,Finance,Financial Analyst,59070,4,3,Bachelor,Married,No,4,3,No
232,Sanjay Iyer,26,Female,IT,Data Analyst,51732,5,4,Master,Married,No,1,3,No
233,Sanjay Sharma,30,Female,Marketing,Digital Marketing Analyst,60908,3,4,Master,Single,No,2,4,No
234,Priya Sharma,34,Female,Operations,Supply Chain Analyst,44391,6,3,Master,Single,No,2,4,Yes
235,Varun Bhat,27,Female,IT,Data Analyst,67996,2,5,Bachelor,Single,No,4,4,No
236,Varun Reddy,29,Male,Sales,Sales Executive,40706,0,3,Bachelor,Married,No,2,5,No
237,Shreya Verma,21,Female,IT,BI Analyst,58134,8,2,Bachelor,Single,No,5,1,No
238,Harish Kumar,40,Female,IT,Software Engineer,74370,3,3,Diploma,Single,No,3,2,Yes
239,Neha Patel,34,Female,Finance,Accountant,54257,5,3,Bachelor,Single,Yes,5,1,No
240,Bhavana Sharma,49,Female,Sales,Business Development Executive,51673,7,3,Bachelor,Single,No,1,2,Yes
241,Kavya Mishra,30,Male,IT,BI Analyst,55356,1,3,Bachelor,Married,No,5,4,No
242,Manoj Joshi,21,Male,IT,Data Analyst,58137,5,3,Master,Single,Yes,5,1,Yes
243,Akash Pillai,26,Male,Marketing,Digital Marketing Analyst,47948,0,3,Bachelor,Single,Yes,3,5,No
244,Ankit Joshi,27,Female,Operations,Operations Executive,34047,1,3,Diploma,Single,No,1,3,No
245,Sanjay Jain,41,Male,IT,Software Engineer,65169,7,3,Bachelor,Married,No,1,1,No
246,Kavya Gupta,30,Male,Finance,Financial Analyst,64395,8,5,Bachelor,Single,Yes,4,1,No
247,Divya Gupta,31,Male,IT,System Admin,49654,1,5,Bachelor,Married,No,4,3,Yes
248,Manoj Kumar,40,Female,Marketing,SEO Specialist,42803,6,3,Bachelor,Single,No,5,3,No
249,Sneha Shetty,24,Female,Marketing,Marketing Executive,36860,3,4,Bachelor,Married,No,2,3,Yes
250,Manoj Nair,25,Male,Sales,Sales Executive,48026,0,3,Diploma,Single,No,4,5,No
251,Vikram Reddy,36,Female,Marketing,Marketing Executive,34753,10,2,Master,Married,Yes,4,3,No
252,Rahul Verma,22,Female,HR,HR Executive,32699,6,5,Bachelor,Single,No,3,1,No
253,Meena Patel,27,Male,Operations,Supply Chain Analyst,51170,3,3,Bachelor,Single,No,2,3,No
254,Divya Kulkarni,27,Female,Finance,Finance Manager,77550,1,4,Bachelor,Married,No,1,3,Yes
255,Karan Sharma,31,Male,IT,Data Analyst,55538,2,4,Bachelor,Single,No,5,5,No
256,Arun Singh,32,Female,IT,Software Engineer,65254,4,5,Master,Single,No,5,3,No
257,Akash Mishra,29,Female,Finance,Financial Analyst,50692,1,4,Diploma,Single,No,4,3,No
258,Ajay Pillai,27,Male,Marketing,SEO Specialist,54451,6,5,Bachelor,Married,No,5,2,No
259,Divya Gupta,34,Male,Sales,Sales Executive,40870,1,2,Bachelor,Married,Yes,4,1,No
260,Neha Rao,31,Male,IT,Software Engineer,73913,6,2,Bachelor,Married,Yes,1,5,No
261,Deepa Malhotra,21,Male,Sales,Sales Manager,65708,6,3,Diploma,Married,No,4,3,No
262,Harish Chopra,27,Female,Marketing,Marketing Executive,44831,6,3,Master,Single,Yes,1,5,No
263,Sneha Shetty,26,Male,HR,HR Manager,65851,0,5,Diploma,Single,No,4,2,No
264,Priya Shetty,21,Female,Operations,Operations Executive,40870,4,4,Master,Married,No,1,3,No
265,Ankit Nair,32,Female,IT,Data Analyst,57409,1,2,Bachelor,Single,Yes,4,4,No
266,Karan Rao,34,Female,Marketing,SEO Specialist,39431,0,3,Bachelor,Married,Yes,3,3,Yes
267,Karan Patel,30,Female,IT,Data Analyst,64900,0,3,Diploma,Married,No,4,2,No
268,Ankit Chopra,27,Female,IT,Software Engineer,65567,4,3,Master,Married,No,3,3,No
269,Divya Verma,25,Female,Sales,Sales Manager,66542,3,2,Bachelor,Single,No,5,4,Yes
270,Karan Shetty,37,Male,Finance,Accountant,59032,2,4,Bachelor,Single,No,3,1,No
271,Naveen Nair,36,Female,Operations,Supply Chain Analyst,44019,1,3,Bachelor,Single,Yes,3,5,Yes
272,Isha Pillai,34,Male,HR,Recruiter,43773,8,5,Master,Single,No,5,4,No
273,Ritu Gupta,21,Male,Sales,Sales Executive,48726,2,3,Bachelor,Married,Yes,5,5,No
274,Kavya Iyer,34,Female,IT,BI Analyst,50567,3,5,Bachelor,Single,Yes,1,4,No
275,Deepa Mishra,33,Female,Operations,Operations Manager,72717,2,4,Bachelor,Married,No,1,1,No
276,Akash Chopra,31,Male,Marketing,SEO Specialist,49580,4,5,Bachelor,Married,No,4,1,Yes
277,Nisha Chopra,38,Female,Sales,Sales Executive,38655,5,4,Bachelor,Single,No,3,4,No
278,Rahul Pillai,33,Female,Finance,Accountant,48862,3,3,Bachelor,Married,No,1,4,No
279,Anu Das,28,Female,Operations,Supply Chain Analyst,46403,3,3,Master,Single,No,1,2,Yes
280,Ajay Patel,33,Male,Marketing,Digital Marketing Analyst,56924,3,4,Master,Single,No,4,4,No
281,Ajay Iyer,32,Female,Sales,Sales Executive,35693,10,3,Bachelor,Single,No,5,1,Yes
282,Arun Sharma,36,Female,Marketing,Marketing Executive,45007,3,3,Diploma,Married,Yes,4,5,No
283,Asha Rao,38,Male,IT,BI Analyst,70572,3,3,Diploma,Married,No,2,3,Yes
284,Harish Sharma,21,Female,HR,HR Manager,55657,1,5,Master,Married,Yes,4,5,No
285,Bhavana Shetty,21,Female,Sales,Sales Executive,43887,3,4,Bachelor,Single,No,3,3,No
286,Ritu Malhotra,31,Male,Sales,Sales Executive,42262,9,3,Master,Married,No,1,5,No
287,Harish Singh,32,Male,IT,Data Analyst,51172,3,2,Diploma,Married,No,3,3,No
288,Anu Patel,35,Male,Operations,Operations Manager,73715,0,4,Master,Married,No,3,3,No
289,Karan Bhat,32,Female,Sales,Business Development Executive,51623,6,3,Master,Married,No,4,3,No
290,Neha Singh,22,Male,IT,Data Analyst,66444,7,3,Bachelor,Married,No,2,3,Yes
291,Akash Chopra,33,Male,Marketing,Digital Marketing Analyst,41758,3,4,Bachelor,Single,Yes,1,4,No
292,Meena Gupta,34,Male,Operations,Operations Executive,35771,11,5,Bachelor,Married,No,3,4,No
293,Karan Mishra,32,Male,Operations,Supply Chain Analyst,57977,5,5,Diploma,Married,Yes,2,1,Yes
294,Varun Jain,28,Male,Finance,Accountant,42240,1,3,Master,Single,No,4,1,No
295,Asha Singh,35,Male,Sales,Sales Manager,66244,1,2,Master,Married,No,3,5,Yes
296,Sanjay Malhotra,31,Male,IT,System Admin,51529,3,3,Bachelor,Married,Yes,1,3,No
297,Meena Iyer,33,Female,Sales,Sales Manager,67484,5,3,Diploma,Single,Yes,4,1,Yes
298,Rahul Nair,37,Female,Finance,Finance Manager,85418,2,3,Master,Married,No,3,5,Yes
299,Varun Sharma,29,Female,Finance,Accountant,44733,1,4,Bachelor,Single,No,4,2,No
300,Swathi Nair,28,Male,IT,Data Analyst,48857,5,4,Master,Single,No,5,5,No
301,Nisha Iyer,35,Female,Sales,Business Development Executive,40255,1,4,Master,Married,No,4,3,Yes
302,Harish Kulkarni,36,Male,Finance,Financial Analyst,49887,8,3,Bachelor,Single,Yes,5,4,No
303,Karan Patel,33,Female,HR,HR Manager,56641,10,5,Master,Single,No,3,4,No
304,Rohan Shetty,26,Male,Marketing,Digital Marketing Analyst,61736,0,3,Bachelor,Married,No,1,2,No
305,Ankit Pillai,21,Male,Operations,Operations Manager,74959,8,5,Bachelor,Married,Yes,4,4,No
306,Nisha Chopra,34,Female,Marketing,SEO Specialist,49632,4,3,Master,Single,No,2,1,No
307,Kavya Das,32,Male,Finance,Accountant,53994,1,4,Master,Married,No,2,4,Yes
308,Sanjay Kulkarni,45,Male,HR,Recruiter,45974,4,2,Master,Single,No,5,2,No
309,Rakesh Malhotra,31,Female,Finance,Finance Manager,92493,6,3,Master,Single,No,4,2,No
310,Vikram Patel,33,Female,HR,HR Manager,62893,5,4,Bachelor,Single,Yes,4,3,No
311,Arun Pillai,26,Male,Sales,Business Development Executive,51333,5,3,Bachelor,Single,No,4,1,No
312,Deepa Iyer,42,Female,Marketing,Marketing Executive,41981,8,3,Bachelor,Single,No,5,5,No
313,Shreya Shetty,40,Male,Finance,Financial Analyst,64659,2,3,Bachelor,Single,No,5,5,No
314,Arun Patel,25,Female,Finance,Accountant,55104,4,4,Bachelor,Single,No,3,5,No
315,Ankit Iyer,31,Female,Operations,Supply Chain Analyst,45956,7,4,Master,Single,Yes,2,2,No
316,Akash Kulkarni,21,Male,Sales,Sales Executive,44762,9,3,Bachelor,Married,No,5,1,No
317,Karan Gupta,30,Female,IT,BI Analyst,53806,3,4,Bachelor,Married,No,4,5,No
318,Meena Gupta,24,Male,IT,System Admin,51639,0,3,Master,Married,Yes,4,3,No
319,Naveen Joshi,35,Male,Sales,Business Development Executive,41582,4,4,Master,Single,No,5,2,Yes
320,Nisha Chopra,23,Female,Finance,Finance Manager,89929,0,5,Master,Married,No,3,1,No
321,Ankit Gupta,28,Male,Sales,Business Development Executive,52128,9,4,Diploma,Single,No,4,1,Yes
322,Divya Bhat,29,Female,HR,HR Executive,43314,0,3,Master,Married,No,2,1,No
323,Swathi Joshi,29,Female,HR,Recruiter,38892,3,4,Master,Single,Yes,5,4,No
324,Divya Malhotra,21,Male,Finance,Accountant,38424,4,3,Diploma,Married,Yes,5,1,No
325,Divya Joshi,29,Female,Operations,Supply Chain Analyst,48437,6,5,Master,Married,No,5,5,No
326,Karan Chopra,42,Female,Sales,Business Development Executive,53238,7,3,Bachelor,Single,No,4,3,No
327,Akash Bhat,29,Male,Marketing,Marketing Executive,41868,1,3,Diploma,Single,No,5,1,No
328,Sneha Iyer,46,Female,IT,System Admin,55219,4,5,Master,Married,Yes,5,5,Yes
329,Manoj Singh,31,Male,Finance,Financial Analyst,48759,4,3,Diploma,Married,No,5,1,No
330,Pooja Sharma,32,Female,Operations,Operations Manager,68407,4,5,Master,Single,No,1,4,No
331,Harish Bhat,27,Male,Operations,Supply Chain Analyst,47485,2,3,Bachelor,Married,No,1,1,No
332,Rakesh Jain,30,Female,Sales,Business Development Executive,52621,2,3,Master,Single,No,1,2,No
333,Ajay Singh,26,Female,Finance,Accountant,56287,4,2,Master,Single,Yes,2,3,Yes
334,Ritu Reddy,29,Male,Operations,Supply Chain Analyst,42193,9,3,Bachelor,Single,No,1,5,No
335,Isha Das,21,Female,Marketing,SEO Specialist,38834,7,4,Bachelor,Married,Yes,3,5,No
336,Rakesh Shetty,38,Female,Sales,Business Development Executive,39721,0,3,Master,Single,No,5,3,No
337,Rakesh Shetty,28,Female,Operations,Operations Executive,40883,3,3,Bachelor,Married,No,1,3,No
338,Priya Joshi,22,Female,IT,Software Engineer,80229,2,3,Master,Single,Yes,5,1,No
339,Rakesh Iyer,24,Female,Finance,Financial Analyst,54343,9,3,Master,Married,No,2,1,No
340,Rohan Singh,36,Male,IT,BI Analyst,62034,8,4,Bachelor,Married,No,3,3,No
341,Pooja Pillai,35,Male,Marketing,SEO Specialist,50593,1,3,Bachelor,Married,No,4,4,No
342,Bhavana Kulkarni,27,Female,Sales,Sales Executive,32470,5,4,Master,Single,No,3,1,No
343,Neha Rao,23,Male,Finance,Finance Manager,86427,6,4,Bachelor,Single,Yes,5,4,No
344,Sanjay Gupta,29,Female,IT,System Admin,64418,3,3,Bachelor,Single,No,2,5,Yes
345,Sneha Patel,35,Female,Sales,Sales Executive,32059,5,4,Bachelor,Single,Yes,4,2,Yes
346,Varun Kumar,28,Male,Finance,Finance Manager,88060,7,3,Diploma,Married,Yes,3,1,No
347,Isha Singh,24,Female,Marketing,Digital Marketing Analyst,48243,6,3,Bachelor,Married,No,1,5,No
348,Sanjay Kumar,34,Male,Sales,Sales Manager,65426,3,3,Bachelor,Married,No,2,4,Yes
349,Nisha Iyer,32,Female,IT,Software Engineer,81556,0,3,Master,Single,Yes,3,1,No
350,Karan Kumar,36,Male,Sales,Business Development Executive,53752,3,2,Bachelor,Single,Yes,5,1,Yes
351,Nisha Pillai,27,Male,Operations,Operations Manager,67097,7,4,Master,Single,No,3,1,No
352,Isha Das,26,Female,IT,BI Analyst,71730,0,4,Master,Single,No,3,2,No
353,Karan Pillai,21,Female,Sales,Sales Executive,34900,6,3,Bachelor,Single,No,5,4,No
354,Rakesh Jain,23,Female,Operations,Operations Manager,77671,9,5,Master,Married,Yes,2,5,No
355,Isha Chopra,21,Female,Sales,Sales Manager,79301,9,4,Bachelor,Married,No,4,3,No
356,Naveen Sharma,32,Male,HR,HR Executive,36223,4,3,Bachelor,Married,Yes,5,4,Yes
357,Vikram Kumar,27,Female,Sales,Sales Executive,43961,5,3,Bachelor,Married,No,1,2,No
358,Deepa Bhat,30,Male,Marketing,Digital Marketing Analyst,55809,7,4,Diploma,Single,Yes,5,5,Yes
359,Karan Nair,31,Male,Sales,Sales Manager,74634,4,4,Bachelor,Single,No,1,2,No
360,Nisha Malhotra,28,Male,IT,BI Analyst,50984,4,4,Master,Married,Yes,4,1,No
361,Ritu Patel,32,Male,Sales,Sales Executive,47072,0,3,Bachelor,Single,No,4,5,No
362,Sanjay Kulkarni,22,Male,Operations,Operations Executive,35101,6,3,Bachelor,Married,No,3,2,No
363,Shreya Rao,32,Female,Finance,Finance Manager,90548,3,4,Bachelor,Married,No,1,3,No
364,Ajay Kumar,31,Female,Sales,Sales Executive,41406,5,4,Bachelor,Single,Yes,5,5,No
365,Rohan Nair,27,Male,IT,Software Engineer,54743,2,5,Master,Single,No,1,5,No
366,Bhavana Sharma,32,Male,Marketing,Digital Marketing Analyst,55096,1,4,Diploma,Single,No,3,4,No
367,Asha Kumar,33,Female,Sales,Sales Manager,71570,0,3,Master,Single,No,3,4,No
368,Akash Kumar,37,Male,IT,Data Analyst,56584,5,4,Master,Single,No,4,3,No
369,Neha Gupta,32,Male,IT,Software Engineer,66364,7,4,Bachelor,Single,Yes,2,2,No
370,Rohan Pillai,40,Female,Marketing,Marketing Executive,47803,7,4,Master,Married,No,5,1,No
371,Swathi Jain,21,Male,Operations,Operations Manager,64202,0,3,Diploma,Married,Yes,2,5,Yes
372,Asha Sharma,27,Female,Sales,Business Development Executive,50075,4,4,Bachelor,Married,Yes,1,5,Yes
373,Rohan Shetty,34,Female,Finance,Financial Analyst,60445,2,3,Master,Single,No,2,3,No
374,Akash Singh,32,Female,IT,BI Analyst,66723,2,3,Master,Single,No,4,2,Yes
375,Nisha Gupta,27,Male,Marketing,SEO Specialist,36319,0,4,Master,Married,Yes,2,4,Yes
376,Divya Kumar,25,Male,Operations,Operations Manager,82627,0,4,Bachelor,Single,No,4,1,Yes
377,Neha Malhotra,25,Female,Sales,Business Development Executive,35649,7,3,Bachelor,Single,No,3,3,No
378,Meena Verma,25,Male,IT,Software Engineer,68777,12,3,Master,Single,No,1,4,No
379,Varun Joshi,33,Male,Finance,Financial Analyst,52478,5,4,Master,Married,Yes,2,3,Yes
380,Karan Sharma,25,Male,Finance,Finance Manager,79755,6,3,Bachelor,Married,No,5,5,No
381,Nisha Bhat,27,Male,IT,Software Engineer,54180,4,5,Master,Single,Yes,1,1,No
382,Pooja Das,46,Female,HR,Recruiter,38757,4,3,Master,Single,No,4,3,No
383,Deepa Das,37,Female,Finance,Accountant,55713,2,2,Master,Married,No,4,4,No
384,Sneha Reddy,30,Male,IT,Software Engineer,72752,9,4,Master,Single,No,5,3,No
385,Asha Pillai,27,Male,Sales,Sales Manager,69396,9,3,Bachelor,Single,No,2,3,No
386,Rakesh Bhat,35,Male,Operations,Supply Chain Analyst,54243,2,2,Bachelor,Single,Yes,1,5,Yes
387,Swathi Malhotra,34,Female,Sales,Sales Executive,37849,7,4,Master,Married,Yes,1,4,No
388,Varun Das,34,Male,Marketing,SEO Specialist,40476,0,3,Master,Married,No,1,2,Yes
389,Naveen Das,26,Male,Finance,Financial Analyst,54244,3,3,Bachelor,Single,No,2,1,Yes
390,Rahul Mishra,30,Female,Finance,Accountant,53194,6,3,Bachelor,Single,Yes,4,3,No
391,Harish Singh,32,Female,HR,HR Executive,32206,0,3,Bachelor,Single,Yes,3,4,Yes
392,Pooja Mishra,33,Female,Sales,Sales Manager,75493,6,4,Bachelor,Single,No,5,2,No
393,Rohan Sharma,34,Female,IT,Data Analyst,52732,7,3,Master,Single,No,2,1,No
394,Priya Singh,36,Female,IT,System Admin,47078,5,3,Bachelor,Married,No,4,5,No
395,Sneha Mishra,30,Male,IT,Data Analyst,48519,0,5,Diploma,Married,Yes,2,5,Yes
396,Nisha Das,33,Male,Operations,Operations Manager,68214,5,4,Bachelor,Single,No,3,2,No
397,Sanjay Gupta,32,Male,Sales,Business Development Executive,53170,0,3,Bachelor,Single,No,3,5,Yes
398,Ritu Singh,24,Male,Sales,Sales Manager,88076,7,3,Master,Single,No,1,5,No
399,Arun Nair,30,Male,IT,Data Analyst,58428,6,3,Master,Married,Yes,3,3,No
400,Varun Rao,31,Female,Sales,Sales Executive,33235,4,4,Bachelor,Married,Yes,4,2,Yes
401,Manoj Patel,36,Male,Finance,Finance Manager,94155,2,2,Bachelor,Married,Yes,2,4,No
402,Sanjay Nair,31,Male,IT,BI Analyst,50553,3,4,Bachelor,Married,No,1,3,No
403,Harish Chopra,28,Male,IT,Software Engineer,77209,3,3,Master,Single,No,2,5,No
404,Manoj Shetty,32,Male,IT,BI Analyst,65494,3,5,Bachelor,Single,No,3,2,No
405,Divya Rao,38,Male,Operations,Operations Manager,67887,1,4,Bachelor,Married,No,3,5,No
406,Meena Joshi,29,Male,Marketing,SEO Specialist,55521,3,3,Bachelor,Married,Yes,1,3,Yes
407,Isha Chopra,39,Female,HR,HR Executive,40376,5,5,Bachelor,Married,No,3,5,No
408,Ankit Chopra,37,Male,IT,Data Analyst,54840,0,3,Bachelor,Single,No,2,3,Yes
409,Rahul Chopra,32,Female,Operations,Operations Manager,79504,7,4,Master,Single,No,5,1,No
410,Varun Rao,31,Male,Sales,Sales Executive,30374,7,3,Master,Single,No,2,5,No
411,Ankit Das,27,Female,HR,HR Manager,77073,8,3,Master,Single,No,2,1,No
412,Deepa Rao,44,Female,Marketing,SEO Specialist,54724,3,3,Bachelor,Single,Yes,1,4,No
413,Deepa Malhotra,28,Male,IT,BI Analyst,69372,8,4,Bachelor,Single,No,4,4,No
414,Kavya Shetty,40,Female,Operations,Operations Manager,63687,2,3,Bachelor,Single,No,5,1,No
415,Rahul Singh,28,Male,IT,System Admin,62420,3,4,Bachelor,Single,No,5,4,No
416,Naveen Nair,22,Female,IT,System Admin,51426,1,4,Master,Single,Yes,5,2,Yes
417,Meena Sharma,24,Female,IT,BI Analyst,63827,2,3,Master,Single,No,3,5,No
418,Priya Rao,30,Male,IT,Data Analyst,66455,5,3,Bachelor,Married,No,1,4,No
419,Arun Mishra,40,Male,Finance,Finance Manager,81663,1,5,Bachelor,Married,No,2,4,No
420,Pooja Mishra,36,Female,Sales,Business Development Executive,43106,3,3,Bachelor,Single,No,1,1,No
421,Rakesh Rao,30,Female,Sales,Business Development Executive,37031,6,2,Master,Single,Yes,5,3,No
422,Akash Gupta,24,Male,Operations,Operations Executive,41452,5,3,Bachelor,Single,Yes,4,5,No
423,Rakesh Kulkarni,31,Male,Sales,Sales Manager,70125,5,3,Bachelor,Married,No,2,2,No
424,Rakesh Gupta,32,Female,Operations,Supply Chain Analyst,48033,11,4,Master,Single,Yes,5,1,Yes
425,Karan Sharma,27,Male,Finance,Financial Analyst,51158,2,5,Bachelor,Married,No,3,2,Yes
426,Nisha Gupta,27,Male,Marketing,SEO Specialist,38604,2,4,Master,Married,Yes,1,3,No
427,Kavya Sharma,27,Male,Sales,Business Development Executive,41332,8,4,Bachelor,Married,No,2,2,Yes
428,Bhavana Das,39,Female,Operations,Supply Chain Analyst,58054,2,4,Diploma,Married,Yes,4,5,No
429,Sanjay Patel,26,Male,Operations,Supply Chain Analyst,60741,5,4,Master,Married,No,4,5,No
430,Harish Patel,27,Male,Sales,Sales Manager,78274,6,4,Bachelor,Married,No,4,1,No
431,Rakesh Gupta,32,Male,IT,BI Analyst,49787,0,5,Master,Single,Yes,3,5,No
432,Manoj Sharma,40,Male,Sales,Business Development Executive,47880,9,3,Bachelor,Single,No,5,2,No
433,Manoj Shetty,27,Male,IT,Software Engineer,55976,3,3,Bachelor,Married,No,2,1,Yes
434,Isha Mishra,32,Male,HR,HR Manager,56438,5,4,Diploma,Married,Yes,5,4,No
435,Karan Nair,34,Female,Sales,Business Development Executive,49622,10,3,Bachelor,Married,Yes,3,3,No
436,Akash Pillai,29,Female,Operations,Operations Executive,50169,2,4,Bachelor,Single,No,5,1,No
437,Rahul Shetty,22,Female,Sales,Sales Manager,61602,2,4,Bachelor,Married,Yes,5,2,Yes
438,Naveen Malhotra,30,Male,HR,HR Executive,42012,9,3,Bachelor,Single,No,2,3,No
439,Ajay Reddy,27,Female,Sales,Business Development Executive,47077,5,5,Master,Single,Yes,3,3,No
440,Divya Malhotra,30,Female,Marketing,SEO Specialist,53191,8,3,Bachelor,Married,Yes,5,4,No
441,Vikram Kulkarni,46,Female,HR,HR Manager,74950,2,3,Master,Married,No,3,4,No
442,Sneha Joshi,28,Male,Sales,Business Development Executive,40895,7,5,Master,Single,No,4,4,No
443,Neha Bhat,35,Female,Operations,Operations Executive,47567,10,2,Master,Single,No,5,4,Yes
444,Arun Mishra,34,Female,Marketing,Marketing Executive,42614,3,4,Master,Single,Yes,3,5,No
445,Meena Das,34,Female,IT,Data Analyst,66156,7,3,Master,Married,No,4,1,Yes
446,Rohan Bhat,35,Male,Operations,Operations Manager,78512,6,3,Master,Married,Yes,5,3,No
447,Varun Bhat,37,Male,Sales,Sales Executive,41113,8,4,Diploma,Single,No,3,1,No
448,Nisha Singh,39,Male,Marketing,SEO Specialist,44896,6,3,Bachelor,Married,Yes,3,1,No
449,Swathi Pillai,29,Female,IT,System Admin,56541,4,4,Bachelor,Single,Yes,2,1,No
450,Sanjay Gupta,38,Female,Operations,Operations Executive,37219,2,3,Bachelor,Married,Yes,3,2,No
451,Rakesh Patel,33,Male,IT,Data Analyst,47853,3,3,Master,Single,Yes,1,5,Yes
452,Harish Das,31,Female,IT,System Admin,51065,8,4,Bachelor,Married,No,2,3,No
453,Rohan Kumar,32,Female,Finance,Financial Analyst,62777,4,3,Bachelor,Married,No,1,2,No
454,Shreya Patel,22,Female,IT,System Admin,42950,6,3,Bachelor,Married,No,1,2,No
455,Ajay Iyer,34,Female,IT,Data Analyst,56653,10,3,Bachelor,Married,No,4,5,No
456,Varun Das,29,Female,Finance,Finance Manager,79928,5,5,Master,Single,Yes,4,1,No
457,Priya Pillai,32,Female,Sales,Sales Executive,44853,9,5,Master,Married,No,3,3,No
458,Swathi Nair,30,Male,IT,BI Analyst,61293,5,4,Bachelor,Single,No,5,1,No
459,Rohan Iyer,34,Male,IT,Data Analyst,60806,5,4,Bachelor,Single,No,5,2,No
460,Anu Chopra,28,Male,Marketing,SEO Specialist,57712,5,4,Bachelor,Married,No,2,2,No
461,Ritu Rao,37,Male,Marketing,Marketing Executive,35563,1,3,Bachelor,Single,Yes,4,1,No
462,Deepa Joshi,31,Female,IT,Data Analyst,66655,2,3,Bachelor,Married,No,1,2,Yes
463,Akash Sharma,38,Male,Sales,Business Development Executive,46280,0,3,Master,Single,No,3,4,No
464,Neha Nair,27,Male,Finance,Finance Manager,88047,5,4,Master,Single,No,1,1,No
465,Shreya Verma,40,Female,Operations,Operations Executive,48260,4,3,Master,Married,No,4,4,No
466,Asha Gupta,27,Male,Sales,Sales Executive,30380,10,4,Bachelor,Single,Yes,2,2,Yes
467,Manoj Kulkarni,22,Male,Finance,Financial Analyst,58949,0,5,Bachelor,Single,No,4,5,No
468,Deepa Chopra,33,Male,Sales,Sales Manager,68822,2,3,Bachelor,Married,No,2,5,No
469,Manoj Kulkarni,24,Male,IT,Data Analyst,69595,6,4,Bachelor,Single,No,2,5,No
470,Rakesh Mishra,32,Female,HR,HR Manager,65239,2,3,Master,Married,No,5,5,No
471,Naveen Malhotra,23,Male,Sales,Sales Executive,39476,7,3,Diploma,Single,No,3,3,Yes
472,Priya Gupta,34,Male,Marketing,SEO Specialist,36894,4,2,Bachelor,Single,Yes,3,5,No
473,Anu Gupta,42,Male,Sales,Sales Manager,65721,1,3,Bachelor,Married,Yes,1,5,No
474,Ritu Gupta,21,Female,Finance,Financial Analyst,47765,2,3,Master,Single,No,1,3,No
475,Ajay Nair,30,Male,Marketing,Digital Marketing Analyst,61045,5,3,Bachelor,Married,Yes,3,1,Yes
476,Nisha Kumar,29,Male,HR,Recruiter,46198,5,3,Bachelor,Married,No,2,4,No
477,Varun Shetty,23,Female,IT,BI Analyst,51190,8,3,Master,Single,Yes,5,1,No
478,Anu Chopra,30,Male,Operations,Supply Chain Analyst,64127,7,3,Bachelor,Single,No,4,4,No
479,Sanjay Nair,33,Male,Marketing,SEO Specialist,36391,5,4,Diploma,Single,Yes,1,1,Yes
480,Divya Malhotra,34,Female,Finance,Financial Analyst,66515,5,4,Bachelor,Single,No,1,5,No
481,Karan Kumar,34,Female,Finance,Finance Manager,94360,8,3,Master,Single,No,5,2,Yes
482,Vikram Patel,32,Male,IT,Data Analyst,50307,6,5,Bachelor,Single,No,3,3,No
483,Nisha Nair,30,Female,Sales,Sales Manager,72865,8,3,Master,Single,Yes,2,5,Yes
484,Vikram Das,26,Female,IT,BI Analyst,50307,9,4,Bachelor,Single,Yes,1,1,No
485,Asha Kulkarni,30,Female,HR,Recruiter,49821,0,4,Bachelor,Single,No,2,3,No
486,Naveen Pillai,31,Male,Finance,Financial Analyst,45108,2,3,Master,Married,No,5,2,No
487,Rohan Reddy,36,Male,IT,System Admin,59518,2,4,Bachelor,Married,No,1,3,No
488,Nisha Reddy,28,Female,Marketing,Digital Marketing Analyst,60664,0,3,Bachelor,Single,Yes,4,1,No
489,Varun Joshi,28,Female,Operations,Supply Chain Analyst,44064,0,3,Bachelor,Married,No,4,4,No
490,Sanjay Das,21,Female,Sales,Sales Manager,86447,6,2,Bachelor,Married,Yes,1,2,No
491,Ritu Patel,35,Female,Operations,Operations Manager,75440,5,4,Bachelor,Single,No,4,1,No
492,Priya Nair,25,Female,IT,Software Engineer,61186,4,3,Bachelor,Single,No,4,5,No
493,Akash Bhat,30,Female,IT,Software Engineer,57916,1,4,Bachelor,Married,No,4,3,No
494,Manoj Singh,40,Female,IT,Software Engineer,74243,7,4,Bachelor,Single,Yes,4,2,No
495,Karan Reddy,29,Female,Operations,Operations Executive,36645,4,3,Master,Married,No,1,4,Yes
496,Manoj Jain,32,Male,Finance,Finance Manager,85965,0,3,Master,Married,No,2,2,Yes
497,Sneha Iyer,29,Female,IT,Software Engineer,77445,2,4,Master,Married,Yes,3,3,Yes
498,Swathi Gupta,24,Male,IT,Data Analyst,46738,3,5,Diploma,Single,No,2,3,Yes
499,Ritu Das,41,Male,Finance,Financial Analyst,59243,6,3,Master,Single,No,3,2,No
500,Akash Chopra,27,Female,HR,HR Manager,62710,6,5,Bachelor,Married,No,1,1,No
501,Priya Pillai,39,Male,IT,Software Engineer,74610,7,3,Bachelor,Single,Yes,4,2,No
502,Vikram Iyer,31,Male,Sales,Sales Executive,36362,2,3,Diploma,Single,No,2,4,No
503,Swathi Malhotra,35,Female,IT,Data Analyst,54671,5,3,Bachelor,Single,No,3,2,No
504,Asha Jain,36,Female,Operations,Operations Manager,87426,6,3,Master,Single,No,5,4,No
505,Rahul Patel,37,Female,Finance,Accountant,38166,2,3,Master,Married,No,2,5,No
506,Deepa Sharma,38,Female,Operations,Operations Manager,76229,5,3,Bachelor,Married,No,1,4,No
507,Bhavana Chopra,43,Female,Finance,Financial Analyst,50301,2,3,Bachelor,Married,Yes,4,3,No
508,Priya Rao,41,Male,Marketing,Marketing Executive,32044,5,3,Bachelor,Married,Yes,3,4,No
509,Rakesh Mishra,27,Female,Operations,Supply Chain Analyst,64435,3,3,Master,Married,No,5,2,Yes
510,Naveen Reddy,29,Male,Finance,Accountant,43743,5,5,Bachelor,Single,No,3,3,No
511,Rakesh Kumar,34,Female,Sales,Sales Executive,37387,2,5,Bachelor,Single,No,5,2,No
512,Ajay Bhat,30,Male,Sales,Sales Manager,83259,10,2,Bachelor,Single,No,1,4,No
513,Ankit Verma,41,Male,Operations,Supply Chain Analyst,57003,5,4,Diploma,Married,No,1,2,Yes
514,Kavya Bhat,31,Female,IT,Data Analyst,65554,4,3,Bachelor,Single,Yes,2,5,Yes
515,Kavya Chopra,34,Male,Operations,Supply Chain Analyst,59026,1,3,Master,Single,Yes,1,2,No
516,Pooja Verma,29,Male,IT,System Admin,46323,0,4,Master,Married,No,3,5,No
517,Karan Bhat,33,Male,Marketing,Marketing Executive,37451,6,3,Bachelor,Married,Yes,3,4,No
518,Deepa Patel,28,Female,IT,Software Engineer,74226,9,3,Bachelor,Married,No,4,3,No
519,Manoj Mishra,23,Female,Finance,Financial Analyst,61364,0,3,Master,Single,Yes,1,4,No
520,Isha Das,32,Male,IT,System Admin,60521,7,3,Bachelor,Married,No,5,2,No
521,Priya Mishra,41,Male,IT,Data Analyst,52220,3,5,Bachelor,Single,Yes,4,5,No
522,Shreya Reddy,37,Female,HR,HR Manager,72642,4,4,Bachelor,Married,Yes,1,1,No
523,Kavya Shetty,29,Female,Operations,Supply Chain Analyst,46847,7,3,Master,Single,Yes,3,4,No
524,Pooja Verma,34,Male,Sales,Sales Executive,43618,0,3,Bachelor,Single,No,2,4,No
525,Akash Rao,39,Male,Marketing,Digital Marketing Analyst,50990,8,3,Master,Single,Yes,4,5,Yes
526,Pooja Bhat,27,Male,HR,Recruiter,38047,5,3,Master,Married,No,2,2,No
527,Ajay Pillai,33,Male,Sales,Sales Manager,69835,5,3,Master,Single,No,2,3,No
528,Neha Chopra,27,Male,IT,System Admin,44186,2,3,Diploma,Married,Yes,3,4,No
529,Karan Chopra,30,Male,Sales,Sales Manager,60574,8,4,Bachelor,Married,Yes,5,5,No
530,Sanjay Reddy,34,Male,HR,Recruiter,35798,3,5,Bachelor,Single,Yes,4,3,No
531,Naveen Shetty,35,Female,Sales,Business Development Executive,43895,0,4,Master,Single,No,3,3,No
532,Karan Nair,37,Male,HR,HR Manager,66151,0,4,Bachelor,Single,No,4,4,No
533,Isha Reddy,28,Female,IT,Software Engineer,57468,1,4,Master,Married,No,5,5,No
534,Pooja Sharma,23,Female,IT,Software Engineer,72416,7,3,Bachelor,Single,No,5,5,No
535,Harish Nair,28,Female,Marketing,Marketing Executive,34575,5,3,Master,Married,Yes,2,2,Yes
536,Rahul Reddy,30,Male,HR,Recruiter,36948,5,2,Bachelor,Married,No,1,4,No
537,Bhavana Kumar,31,Female,IT,Data Analyst,45958,0,4,Diploma,Single,No,2,3,Yes
538,Harish Sharma,36,Male,Operations,Supply Chain Analyst,45247,3,3,Bachelor,Married,Yes,5,1,No
539,Nisha Shetty,21,Female,Sales,Business Development Executive,51521,3,5,Bachelor,Married,Yes,1,2,No
540,Arun Mishra,40,Male,Finance,Accountant,54850,7,4,Bachelor,Married,No,4,2,No
541,Pooja Das,28,Female,IT,Data Analyst,61177,3,3,Bachelor,Single,No,1,3,Yes
542,Asha Pillai,29,Male,Finance,Financial Analyst,67253,10,3,Bachelor,Married,No,1,4,No
543,Karan Reddy,33,Male,Finance,Financial Analyst,69295,5,4,Master,Single,No,5,1,No
544,Harish Chopra,37,Male,IT,Software Engineer,68252,5,3,Master,Single,Yes,4,4,No
545,Arun Nair,29,Male,Sales,Business Development Executive,39829,3,3,Master,Married,No,5,3,No
546,Karan Rao,30,Female,IT,BI Analyst,70220,4,4,Bachelor,Single,Yes,1,4,Yes
547,Shreya Pillai,35,Female,Finance,Financial Analyst,60270,4,3,Master,Married,No,5,4,No
548,Bhavana Rao,35,Male,Sales,Sales Manager,72570,4,4,Master,Single,No,4,1,No
549,Naveen Rao,31,Female,Sales,Sales Executive,44112,0,3,Master,Married,No,2,4,Yes
550,Nisha Chopra,36,Male,Sales,Sales Executive,31826,5,4,Master,Single,No,2,5,No
551,Akash Sharma,36,Male,Operations,Operations Manager,71431,0,4,Bachelor,Single,No,2,3,No
552,Pooja Chopra,43,Male,Marketing,SEO Specialist,44113,4,3,Bachelor,Married,No,1,2,Yes
553,Akash Kulkarni,37,Female,HR,HR Manager,76553,1,5,Bachelor,Single,No,1,4,No
554,Nisha Nair,34,Female,Operations,Supply Chain Analyst,60760,1,4,Master,Married,No,4,3,Yes
555,Varun Reddy,27,Male,Finance,Accountant,52286,10,3,Master,Married,Yes,3,3,No
556,Akash Nair,29,Female,Marketing,SEO Specialist,39013,5,3,Bachelor,Married,No,2,5,No
557,Kavya Bhat,36,Female,Sales,Sales Manager,76536,5,4,Master,Single,No,1,3,No
558,Divya Das,31,Male,IT,BI Analyst,54112,5,3,Bachelor,Married,No,1,5,No
559,Ajay Reddy,45,Female,IT,BI Analyst,61443,4,4,Bachelor,Single,Yes,3,4,No
560,Asha Singh,32,Male,Finance,Financial Analyst,48721,7,4,Master,Single,No,4,2,Yes
561,Vikram Kumar,37,Male,Marketing,Digital Marketing Analyst,48936,8,3,Diploma,Single,No,2,2,Yes
562,Priya Jain,34,Female,Finance,Accountant,57713,1,5,Bachelor,Single,No,1,3,Yes
563,Ajay Chopra,40,Female,Operations,Operations Manager,63953,1,3,Master,Married,Yes,5,5,No
564,Ankit Singh,32,Male,Operations,Operations Manager,87273,2,3,Bachelor,Married,No,3,3,No
565,Naveen Nair,30,Female,Operations,Operations Executive,50068,5,3,Bachelor,Single,No,5,1,No
566,Pooja Sharma,32,Male,IT,BI Analyst,71451,5,4,Diploma,Married,No,3,4,No
567,Varun Shetty,40,Female,Finance,Finance Manager,83111,5,4,Master,Married,No,2,3,No
568,Ajay Singh,29,Female,Operations,Operations Manager,69859,7,4,Bachelor,Single,Yes,4,3,Yes
569,Nisha Pillai,38,Male,IT,Software Engineer,55249,0,4,Diploma,Married,No,1,3,No
570,Anu Bhat,34,Male,Finance,Financial Analyst,56529,6,5,Master,Married,No,5,1,No
571,Pooja Mishra,29,Female,Finance,Financial Analyst,58128,8,4,Master,Single,No,2,1,Yes
572,Rohan Das,30,Female,Sales,Sales Executive,43445,4,3,Master,Married,No,2,5,No
573,Ankit Rao,29,Female,Sales,Business Development Executive,48582,4,3,Master,Married,No,2,1,Yes
574,Naveen Verma,24,Female,Operations,Operations Manager,75152,0,2,Bachelor,Single,No,2,1,Yes
575,Kavya Das,40,Male,HR,HR Manager,55462,1,4,Bachelor,Married,Yes,5,1,No
576,Kavya Iyer,25,Female,Marketing,Digital Marketing Analyst,56192,0,3,Bachelor,Married,No,3,3,No
577,Sneha Shetty,27,Female,Finance,Financial Analyst,65240,0,3,Bachelor,Single,Yes,3,2,No
578,Anu Malhotra,40,Male,Sales,Business Development Executive,47566,7,3,Bachelor,Married,No,4,2,No
579,Rahul Sharma,26,Female,IT,Data Analyst,68251,11,2,Diploma,Single,No,5,5,No
580,Sanjay Pillai,36,Male,IT,BI Analyst,53877,3,5,Master,Single,No,1,5,No
581,Ajay Kumar,21,Female,Operations,Supply Chain Analyst,46190,11,3,Master,Single,Yes,3,1,No
582,Rohan Pillai,22,Male,Marketing,Digital Marketing Analyst,54279,0,5,Bachelor,Married,No,5,3,No
583,Rakesh Pillai,37,Male,Marketing,Marketing Executive,47307,11,2,Bachelor,Single,Yes,3,2,No
584,Karan Verma,39,Male,HR,Recruiter,38337,6,3,Bachelor,Married,Yes,3,1,No
585,Shreya Nair,34,Female,Marketing,Digital Marketing Analyst,48066,7,4,Diploma,Single,No,4,1,No
586,Manoj Pillai,35,Male,Operations,Operations Executive,39038,5,4,Master,Single,No,1,3,Yes
587,Swathi Joshi,31,Female,Sales,Sales Manager,66926,4,3,Bachelor,Married,No,5,2,No
588,Divya Verma,26,Female,IT,Data Analyst,47922,3,4,Master,Single,Yes,2,4,Yes
589,Meena Shetty,21,Male,Sales,Sales Manager,89613,4,4,Diploma,Single,Yes,4,3,No
590,Neha Malhotra,25,Female,Finance,Financial Analyst,69788,1,3,Diploma,Single,No,4,1,No
591,Sanjay Reddy,32,Female,IT,BI Analyst,65277,8,2,Bachelor,Single,Yes,2,4,No
592,Akash Patel,36,Female,IT,BI Analyst,65140,0,5,Bachelor,Single,Yes,3,2,No
593,Harish Kulkarni,25,Female,Sales,Sales Executive,38351,7,4,Bachelor,Single,No,3,3,No
594,Harish Das,25,Male,HR,HR Manager,74241,3,3,Bachelor,Single,Yes,3,3,No
595,Deepa Sharma,34,Male,Finance,Financial Analyst,67066,1,5,Diploma,Single,Yes,5,3,Yes
596,Ritu Shetty,31,Female,HR,HR Executive,36961,0,3,Bachelor,Married,No,5,4,No
597,Nisha Gupta,27,Male,Finance,Finance Manager,93148,5,4,Bachelor,Single,Yes,1,2,Yes
598,Manoj Pillai,21,Female,Finance,Financial Analyst,49994,5,3,Master,Single,No,1,2,No
599,Kavya Jain,30,Female,Sales,Sales Manager,80657,6,3,Master,Married,Yes,1,1,No
600,Kavya Chopra,32,Male,Marketing,SEO Specialist,37989,8,2,Bachelor,Single,No,4,2,No
601,Karan Joshi,31,Male,IT,Data Analyst,67856,3,5,Bachelor,Single,No,3,4,No
602,Anu Rao,31,Male,Finance,Financial Analyst,49297,6,3,Bachelor,Married,No,5,4,No
603,Karan Iyer,31,Male,Operations,Operations Manager,81858,4,4,Master,Married,No,3,1,No
604,Vikram Shetty,26,Female,IT,BI Analyst,48594,2,4,Diploma,Single,Yes,5,1,No
605,Rohan Shetty,22,Female,Finance,Accountant,53937,9,4,Bachelor,Single,Yes,5,2,Yes
606,Ajay Nair,23,Male,Marketing,SEO Specialist,50346,2,5,Master,Married,No,1,1,No
607,Naveen Das,26,Female,Operations,Operations Manager,65145,7,4,Bachelor,Single,No,2,3,No
608,Asha Singh,29,Female,Marketing,Digital Marketing Analyst,53623,8,3,Bachelor,Married,Yes,2,4,No
609,Meena Kulkarni,26,Male,Marketing,Digital Marketing Analyst,60625,5,3,Bachelor,Single,No,4,3,No
610,Harish Sharma,25,Female,Sales,Sales Executive,30975,10,4,Bachelor,Single,No,5,3,No
611,Isha Gupta,23,Female,Finance,Finance Manager,89877,5,3,Bachelor,Married,Yes,1,4,Yes
612,Rakesh Kulkarni,34,Male,Operations,Operations Executive,34258,5,3,Diploma,Married,No,3,3,No
613,Divya Joshi,29,Male,Finance,Accountant,59258,4,3,Bachelor,Single,No,4,3,No
614,Deepa Joshi,31,Male,HR,HR Manager,62003,4,3,Master,Married,No,5,3,No
615,Rahul Shetty,36,Female,Sales,Business Development Executive,51556,11,2,Diploma,Single,Yes,3,4,Yes
616,Swathi Chopra,27,Female,IT,System Admin,53107,0,2,Master,Single,Yes,1,4,No
617,Arun Mishra,30,Female,Sales,Business Development Executive,52028,12,3,Bachelor,Married,No,2,4,No
618,Nisha Iyer,26,Male,Sales,Sales Executive,43922,9,3,Bachelor,Single,No,1,1,No
619,Nisha Jain,41,Male,Sales,Sales Manager,74420,2,4,Bachelor,Single,Yes,4,4,No
620,Rahul Verma,34,Female,Marketing,Marketing Executive,38967,9,3,Bachelor,Married,No,5,1,No
621,Pooja Shetty,28,Female,Operations,Supply Chain Analyst,47023,3,4,Bachelor,Single,No,1,5,Yes
622,Anu Pillai,27,Female,IT,BI Analyst,55064,1,4,Bachelor,Married,Yes,3,3,Yes
623,Anu Malhotra,27,Male,HR,HR Manager,67363,0,2,Bachelor,Single,Yes,4,3,No
624,Rakesh Rao,31,Male,IT,Software Engineer,76845,2,4,Master,Single,No,1,5,No
625,Varun Bhat,32,Male,IT,Data Analyst,63384,0,4,Master,Married,No,5,3,No
626,Karan Sharma,32,Female,HR,HR Manager,76569,7,5,Master,Married,No,1,1,No
627,Rahul Pillai,21,Female,IT,Software Engineer,70999,5,4,Master,Single,Yes,5,5,No
628,Deepa Verma,38,Male,Operations,Operations Executive,37756,0,3,Bachelor,Married,Yes,3,1,No
629,Naveen Patel,41,Male,IT,Software Engineer,71318,5,4,Bachelor,Married,No,1,5,Yes
630,Ritu Chopra,26,Male,IT,Data Analyst,51637,4,3,Diploma,Single,No,1,1,Yes
631,Rakesh Sharma,34,Female,IT,BI Analyst,68759,4,3,Bachelor,Single,Yes,1,4,Yes
632,Swathi Gupta,34,Female,IT,Data Analyst,65833,1,4,Master,Single,No,4,1,No
633,Karan Sharma,32,Female,IT,Software Engineer,68956,0,4,Bachelor,Married,No,1,4,No
634,Rahul Verma,30,Male,HR,Recruiter,48773,1,4,Master,Single,No,2,5,No
635,Ritu Kulkarni,26,Female,Finance,Finance Manager,93779,8,3,Bachelor,Single,Yes,5,3,No
636,Ritu Mishra,37,Male,Operations,Supply Chain Analyst,48901,6,4,Diploma,Married,Yes,3,3,No
637,Naveen Pillai,24,Female,HR,HR Manager,73212,3,4,Bachelor,Single,No,2,4,No
638,Ankit Malhotra,38,Female,Marketing,SEO Specialist,47566,4,4,Master,Single,Yes,4,1,No
639,Ajay Malhotra,44,Female,IT,Software Engineer,73450,5,3,Bachelor,Single,Yes,1,3,Yes
640,Ajay Rao,32,Female,Finance,Finance Manager,65233,3,3,Bachelor,Single,Yes,5,2,Yes
641,Meena Reddy,31,Male,IT,System Admin,47751,4,3,Bachelor,Married,No,5,5,No
642,Rakesh Das,35,Male,IT,Software Engineer,66575,7,3,Master,Married,No,5,5,No
643,Sanjay Patel,26,Female,HR,Recruiter,42644,0,5,Bachelor,Married,No,1,5,No
644,Swathi Sharma,21,Female,Operations,Operations Executive,36680,6,3,Bachelor,Single,Yes,2,3,No
645,Swathi Sharma,24,Male,Operations,Operations Executive,34913,0,5,Diploma,Single,No,1,1,No
646,Priya Malhotra,33,Male,Sales,Business Development Executive,52028,11,4,Bachelor,Single,No,1,3,No
647,Swathi Das,30,Male,Finance,Accountant,42179,7,4,Bachelor,Single,Yes,3,1,Yes
648,Kavya Singh,31,Male,HR,HR Manager,58140,4,2,Master,Single,Yes,4,4,No
649,Swathi Sharma,36,Female,Operations,Operations Manager,81329,3,3,Bachelor,Single,No,1,3,No
650,Vikram Shetty,32,Female,Sales,Sales Manager,64128,5,3,Bachelor,Married,No,2,5,No
651,Harish Shetty,26,Male,Sales,Business Development Executive,51814,7,3,Bachelor,Single,Yes,5,4,No
652,Sanjay Bhat,29,Female,IT,Software Engineer,59476,2,3,Master,Single,No,5,5,Yes
653,Naveen Das,34,Male,Marketing,Digital Marketing Analyst,61884,1,3,Bachelor,Married,No,3,2,No
654,Varun Singh,31,Male,Sales,Sales Manager,67189,4,4,Bachelor,Single,No,1,4,No
655,Asha Shetty,37,Female,Finance,Financial Analyst,58117,5,3,Master,Married,No,4,2,No
656,Pooja Verma,30,Female,HR,Recruiter,35486,6,4,Bachelor,Single,No,3,1,Yes
657,Meena Rao,39,Female,IT,System Admin,42687,6,3,Master,Single,Yes,3,1,No
658,Rakesh Reddy,31,Male,Finance,Accountant,58421,0,5,Bachelor,Single,No,2,5,No
659,Pooja Gupta,24,Female,IT,Software Engineer,62392,3,3,Bachelor,Single,No,2,1,No
660,Ritu Reddy,27,Male,IT,Data Analyst,60422,3,5,Master,Married,No,2,1,No
661,Ankit Chopra,31,Male,IT,BI Analyst,63524,6,3,Bachelor,Single,No,4,4,No
662,Ajay Shetty,30,Female,Finance,Accountant,56722,5,5,Bachelor,Single,Yes,4,4,Yes
663,Kavya Das,31,Female,IT,Data Analyst,61785,0,4,Bachelor,Single,Yes,1,4,No
664,Rakesh Reddy,25,Male,Sales,Sales Manager,81146,4,4,Bachelor,Single,Yes,2,3,Yes
665,Vikram Joshi,23,Male,IT,Data Analyst,51443,6,5,Bachelor,Single,Yes,2,3,No
666,Pooja Shetty,40,Male,Marketing,SEO Specialist,36279,8,3,Master,Single,No,5,3,No
667,Anu Iyer,29,Male,Marketing,Digital Marketing Analyst,47457,8,4,Master,Single,No,2,4,Yes
668,Manoj Bhat,31,Male,Sales,Business Development Executive,48686,3,4,Bachelor,Married,Yes,2,4,Yes
669,Shreya Rao,27,Female,HR,HR Executive,35694,3,3,Master,Single,No,3,3,No
670,Ritu Malhotra,28,Male,Marketing,SEO Specialist,54618,5,3,Bachelor,Married,No,2,3,No
671,Varun Joshi,31,Male,Sales,Sales Manager,78661,4,3,Bachelor,Single,Yes,1,3,No
672,Pooja Kulkarni,33,Female,HR,HR Executive,36650,8,2,Master,Single,Yes,1,4,Yes
673,Nisha Reddy,36,Male,HR,HR Executive,34115,0,4,Bachelor,Married,No,2,1,No
674,Akash Iyer,21,Female,Sales,Sales Executive,48844,7,5,Bachelor,Married,No,2,5,No
675,Isha Chopra,22,Male,Sales,Business Development Executive,43088,3,3,Bachelor,Single,Yes,4,5,No
676,Swathi Joshi,23,Male,Operations,Supply Chain Analyst,64947,0,4,Master,Single,No,4,3,No
677,Rahul Singh,34,Male,Sales,Sales Executive,33130,6,3,Diploma,Married,No,2,5,No
678,Deepa Nair,27,Male,Operations,Operations Executive,47476,0,5,Master,Married,Yes,2,4,No
679,Priya Das,27,Female,Operations,Operations Executive,35462,5,4,Master,Single,Yes,2,5,No
680,Priya Reddy,22,Male,Sales,Business Development Executive,50212,5,5,Bachelor,Single,Yes,2,3,No
681,Arun Bhat,30,Male,Sales,Sales Executive,33293,6,3,Master,Married,Yes,1,5,Yes
682,Deepa Iyer,31,Female,Marketing,Marketing Executive,33128,1,4,Bachelor,Single,No,2,2,No
683,Sneha Iyer,38,Female,Sales,Sales Executive,38182,4,3,Bachelor,Single,Yes,4,2,Yes
684,Shreya Verma,30,Female,HR,Recruiter,48056,1,5,Bachelor,Single,No,2,1,No
685,Kavya Nair,28,Male,Finance,Accountant,55750,1,4,Master,Single,No,5,2,No
686,Ajay Kumar,29,Male,IT,Data Analyst,52212,9,3,Bachelor,Married,Yes,2,4,Yes
687,Arun Malhotra,22,Female,Finance,Financial Analyst,63651,0,2,Bachelor,Single,No,1,5,Yes
688,Isha Chopra,39,Female,IT,BI Analyst,58980,3,3,Master,Married,Yes,4,1,Yes
689,Harish Singh,26,Female,Sales,Business Development Executive,42746,7,4,Master,Single,Yes,1,3,No
690,Manoj Mishra,27,Female,Finance,Accountant,57597,9,3,Bachelor,Single,Yes,1,2,No
691,Divya Bhat,35,Female,IT,System Admin,52855,3,4,Diploma,Married,Yes,1,2,Yes
692,Asha Reddy,43,Female,HR,HR Manager,61014,2,4,Master,Single,No,5,3,No
693,Isha Iyer,35,Female,Operations,Operations Executive,51984,5,2,Diploma,Married,Yes,2,5,No
694,Akash Das,38,Male,IT,Data Analyst,53158,9,4,Bachelor,Married,Yes,2,5,Yes
695,Sanjay Malhotra,31,Male,Operations,Operations Executive,49424,2,5,Bachelor,Married,No,4,2,No
696,Anu Verma,33,Male,Finance,Accountant,55602,2,2,Bachelor,Married,No,3,5,No
697,Divya Sharma,43,Male,IT,BI Analyst,54413,4,3,Bachelor,Married,Yes,2,4,Yes
698,Akash Reddy,28,Male,HR,HR Manager,71041,5,3,Diploma,Married,No,3,4,No
699,Varun Shetty,22,Female,Sales,Sales Executive,46698,1,3,Master,Single,No,3,3,No
700,Meena Kumar,38,Male,Finance,Finance Manager,87854,2,5,Master,Single,Yes,3,1,No
701,Naveen Rao,24,Female,Finance,Finance Manager,90263,6,3,Master,Married,No,1,1,Yes
702,Shreya Rao,38,Female,Sales,Business Development Executive,51405,6,4,Bachelor,Single,No,3,3,No
703,Divya Rao,36,Male,Sales,Business Development Executive,39676,2,4,Diploma,Married,Yes,5,3,Yes
704,Kavya Verma,22,Female,Finance,Accountant,59447,9,4,Bachelor,Single,No,5,4,No
705,Karan Iyer,29,Female,IT,Software Engineer,63168,3,3,Bachelor,Married,No,2,2,Yes
706,Priya Mishra,38,Male,IT,BI Analyst,60377,6,4,Master,Married,Yes,3,1,Yes
707,Arun Iyer,33,Male,HR,HR Executive,44930,10,3,Master,Single,Yes,1,5,No
708,Neha Mishra,27,Male,Sales,Sales Executive,49804,7,4,Diploma,Married,No,4,3,No
709,Naveen Rao,31,Male,Operations,Operations Executive,34101,5,4,Bachelor,Single,No,3,1,No
710,Shreya Pillai,40,Female,Finance,Accountant,52808,6,4,Master,Single,No,2,3,No
711,Sneha Malhotra,34,Female,Sales,Business Development Executive,45666,7,2,Master,Married,No,3,1,No
712,Naveen Gupta,28,Female,Sales,Business Development Executive,44629,1,3,Diploma,Married,No,1,4,No
713,Arun Pillai,24,Female,Operations,Operations Manager,65506,0,3,Master,Single,No,5,4,No
714,Rohan Rao,43,Female,Finance,Accountant,43250,1,3,Master,Married,Yes,4,1,No
715,Rohan Singh,29,Male,Marketing,Marketing Executive,34963,3,4,Diploma,Married,No,5,4,No
716,Sneha Kumar,32,Female,Operations,Operations Manager,74318,6,4,Bachelor,Married,No,4,5,No
717,Rohan Rao,36,Female,IT,Data Analyst,57050,2,3,Master,Married,No,1,5,Yes
718,Ritu Chopra,29,Male,Sales,Sales Executive,34138,5,2,Master,Married,No,3,3,No
719,Ritu Joshi,29,Female,IT,BI Analyst,70281,9,4,Bachelor,Single,No,2,4,No
720,Nisha Joshi,33,Male,IT,Data Analyst,65679,6,3,Diploma,Single,No,5,4,No
721,Anu Rao,34,Female,Finance,Financial Analyst,50866,8,5,Bachelor,Married,Yes,2,1,No
722,Pooja Joshi,32,Female,IT,Software Engineer,54707,0,4,Bachelor,Married,No,4,4,No
723,Akash Gupta,33,Male,Finance,Accountant,52992,2,3,Bachelor,Married,No,1,3,No
724,Arun Gupta,27,Male,Sales,Sales Manager,83788,6,5,Bachelor,Married,Yes,1,3,No
725,Akash Jain,38,Female,IT,BI Analyst,64889,4,5,Bachelor,Married,Yes,1,1,No
726,Harish Reddy,32,Male,Operations,Operations Manager,81390,9,3,Bachelor,Single,Yes,5,2,No
727,Isha Kulkarni,32,Male,Marketing,SEO Specialist,52030,12,3,Master,Single,Yes,1,1,No
728,Rohan Reddy,34,Male,IT,BI Analyst,66724,0,4,Bachelor,Married,No,4,3,Yes
729,Akash Bhat,35,Female,Finance,Finance Manager,67094,5,3,Master,Single,No,5,4,No
730,Swathi Mishra,38,Female,Finance,Finance Manager,65174,6,4,Bachelor,Married,Yes,5,2,No
731,Deepa Verma,30,Female,IT,Software Engineer,83170,0,4,Bachelor,Single,No,1,1,Yes
732,Nisha Mishra,29,Female,Sales,Business Development Executive,49579,1,3,Bachelor,Married,No,3,5,Yes
733,Meena Malhotra,27,Female,Sales,Sales Manager,88052,6,4,Master,Single,Yes,2,3,No
734,Priya Kumar,41,Male,Sales,Business Development Executive,40351,5,3,Master,Single,No,3,4,No
735,Ajay Kulkarni,23,Female,Finance,Finance Manager,83469,5,4,Bachelor,Married,No,2,3,No
736,Arun Bhat,38,Female,Finance,Financial Analyst,53851,2,3,Master,Single,No,2,1,Yes
737,Sneha Rao,30,Female,Sales,Sales Manager,60323,4,3,Bachelor,Single,No,2,3,Yes
738,Bhavana Joshi,26,Female,Operations,Operations Executive,45432,6,4,Diploma,Married,No,1,5,No
739,Bhavana Rao,30,Female,Sales,Business Development Executive,53077,5,5,Bachelor,Married,No,3,5,No
740,Anu Shetty,25,Male,Sales,Sales Executive,38761,3,2,Bachelor,Single,Yes,4,5,Yes
741,Sanjay Singh,35,Male,Finance,Accountant,47038,3,4,Bachelor,Married,No,5,3,No
742,Priya Joshi,41,Male,IT,Data Analyst,50410,3,3,Bachelor,Single,Yes,2,1,No
743,Shreya Bhat,32,Female,Sales,Sales Manager,76875,7,5,Bachelor,Single,No,4,4,No
744,Shreya Kulkarni,22,Female,Finance,Financial Analyst,53002,0,4,Diploma,Married,No,5,3,No
745,Meena Kulkarni,21,Male,Finance,Accountant,40461,8,5,Master,Married,No,2,2,No
746,Nisha Joshi,27,Male,IT,Data Analyst,48862,12,3,Bachelor,Married,No,2,5,No
747,Rahul Shetty,27,Male,IT,Data Analyst,65242,5,3,Bachelor,Married,No,1,4,No
748,Nisha Iyer,40,Male,HR,Recruiter,35145,10,3,Bachelor,Single,No,4,3,Yes
749,Pooja Shetty,43,Female,HR,HR Manager,70423,8,3,Diploma,Single,No,3,2,No
750,Bhavana Iyer,37,Male,Sales,Sales Executive,30190,6,3,Bachelor,Married,Yes,3,4,No
751,Arun Jain,35,Female,IT,System Admin,63798,2,3,Bachelor,Single,Yes,2,4,No
752,Swathi Sharma,26,Female,Sales,Sales Manager,63595,4,3,Master,Married,No,4,2,No
753,Pooja Pillai,29,Female,IT,System Admin,56232,3,4,Bachelor,Married,No,5,1,No
754,Ajay Jain,35,Female,HR,Recruiter,46484,7,4,Master,Single,Yes,1,3,Yes
755,Divya Gupta,31,Female,IT,Data Analyst,58149,8,3,Master,Married,Yes,1,2,Yes
756,Rahul Kulkarni,24,Female,Sales,Business Development Executive,46015,3,3,Bachelor,Single,Yes,2,2,Yes
757,Asha Patel,26,Male,Sales,Sales Executive,31558,0,3,Bachelor,Married,No,2,3,Yes
758,Arun Nair,30,Female,Finance,Financial Analyst,56913,4,3,Bachelor,Married,No,3,4,No
759,Vikram Iyer,40,Female,Finance,Finance Manager,77176,6,3,Master,Single,No,5,5,No
760,Priya Bhat,24,Female,Sales,Sales Executive,44606,10,3,Master,Single,No,2,2,No
761,Rakesh Bhat,38,Male,Finance,Financial Analyst,63038,6,5,Bachelor,Married,Yes,2,4,No
762,Vikram Gupta,29,Male,Operations,Supply Chain Analyst,42716,1,4,Bachelor,Single,No,5,5,Yes
763,Ankit Bhat,28,Female,IT,Data Analyst,59344,7,4,Bachelor,Married,No,1,2,No
764,Anu Kulkarni,42,Male,Marketing,Digital Marketing Analyst,54923,9,3,Bachelor,Single,No,1,5,No
765,Rakesh Kumar,28,Male,IT,Software Engineer,52561,1,4,Master,Single,Yes,2,3,No
766,Neha Mishra,31,Female,Operations,Supply Chain Analyst,62731,0,4,Bachelor,Married,No,1,3,No
767,Vikram Verma,32,Male,HR,HR Manager,66648,4,4,Bachelor,Married,No,1,1,Yes
768,Sneha Mishra,28,Female,IT,Data Analyst,51755,0,4,Master,Married,Yes,5,5,No
769,Karan Verma,34,Female,IT,BI Analyst,64251,2,3,Master,Single,Yes,4,1,Yes
770,Priya Jain,23,Female,IT,BI Analyst,54155,0,4,Bachelor,Single,Yes,4,5,Yes
771,Ajay Sharma,30,Female,IT,BI Analyst,60582,9,4,Bachelor,Married,Yes,1,4,Yes
772,Arun Bhat,40,Female,Marketing,SEO Specialist,36307,3,3,Master,Single,No,5,1,No
773,Sneha Patel,27,Female,Finance,Financial Analyst,55870,5,3,Bachelor,Single,No,2,3,No
774,Asha Singh,25,Female,Sales,Sales Manager,60039,5,2,Bachelor,Single,Yes,4,2,No
775,Sneha Nair,35,Male,Sales,Sales Executive,35556,8,4,Bachelor,Married,No,1,4,No
776,Kavya Kulkarni,30,Male,Operations,Supply Chain Analyst,61808,3,2,Bachelor,Single,No,1,1,Yes
777,Shreya Shetty,25,Male,IT,Software Engineer,67766,2,3,Master,Single,No,3,1,No
778,Anu Pillai,29,Female,Operations,Operations Manager,64842,5,4,Master,Married,No,2,3,No
779,Kavya Pillai,36,Male,Marketing,Marketing Executive,43554,2,5,Bachelor,Single,No,2,4,No
780,Deepa Bhat,39,Male,Finance,Financial Analyst,62653,3,3,Diploma,Married,No,5,4,No
781,Divya Sharma,30,Female,Marketing,Digital Marketing Analyst,47706,2,4,Bachelor,Single,No,2,1,No
782,Bhavana Bhat,21,Female,IT,BI Analyst,63086,7,5,Bachelor,Single,No,2,3,Yes
783,Kavya Shetty,35,Female,Operations,Supply Chain Analyst,42863,3,3,Bachelor,Married,Yes,2,4,No
784,Akash Jain,31,Female,HR,HR Executive,36014,6,3,Master,Single,Yes,2,1,Yes
785,Naveen Sharma,21,Male,IT,Software Engineer,79096,2,4,Master,Married,Yes,4,3,No
786,Rakesh Das,35,Female,IT,Software Engineer,77762,0,5,Bachelor,Married,No,1,4,No
787,Ankit Malhotra,32,Male,Sales,Sales Manager,64100,0,4,Bachelor,Single,No,5,4,No
788,Ankit Rao,33,Female,HR,Recruiter,40131,4,4,Diploma,Married,Yes,4,4,No
789,Deepa Nair,21,Male,IT,System Admin,49848,7,3,Bachelor,Single,No,3,1,No
790,Akash Chopra,26,Female,HR,HR Manager,63820,2,4,Bachelor,Single,No,1,2,Yes
791,Harish Rao,32,Female,HR,Recruiter,43195,7,2,Bachelor,Single,No,3,4,No
792,Nisha Chopra,24,Female,Finance,Accountant,57240,4,3,Diploma,Single,No,2,1,No
793,Karan Kulkarni,33,Male,Operations,Operations Executive,38615,6,3,Master,Single,No,2,2,No
794,Ritu Malhotra,32,Male,Sales,Business Development Executive,47701,3,3,Bachelor,Single,No,4,1,Yes
795,Karan Joshi,26,Male,HR,HR Executive,33541,4,3,Bachelor,Married,Yes,1,4,No
796,Meena Nair,24,Male,IT,System Admin,56484,0,3,Bachelor,Married,No,4,3,No
797,Ritu Mishra,33,Female,Operations,Supply Chain Analyst,54017,7,3,Bachelor,Single,No,2,4,No
798,Asha Gupta,21,Male,IT,BI Analyst,70929,1,3,Diploma,Married,No,1,2,No
799,Varun Bhat,34,Male,Marketing,Digital Marketing Analyst,51433,10,3,Bachelor,Single,No,4,1,No
800,Rohan Mishra,31,Female,Operations,Supply Chain Analyst,55157,2,3,Master,Married,No,4,2,No
801,Rohan Chopra,29,Female,Operations,Supply Chain Analyst,46768,8,4,Bachelor,Single,Yes,2,4,No
802,Harish Jain,27,Male,HR,HR Manager,61930,2,2,Master,Married,No,2,1,No
803,Rakesh Kumar,28,Female,IT,Software Engineer,84391,1,3,Bachelor,Single,No,4,4,No
804,Deepa Verma,31,Female,IT,Data Analyst,58733,9,5,Bachelor,Married,Yes,2,3,No
805,Akash Malhotra,32,Male,Operations,Supply Chain Analyst,44549,3,5,Master,Married,No,5,2,No
806,Asha Das,29,Female,IT,System Admin,50611,0,3,Bachelor,Single,No,1,4,No
807,Ritu Rao,36,Male,Operations,Operations Executive,51894,4,4,Master,Single,No,2,4,No
808,Bhavana Nair,29,Female,IT,Software Engineer,70117,14,5,Master,Single,No,1,3,No
809,Neha Verma,32,Male,Finance,Finance Manager,70761,2,3,Bachelor,Married,No,3,1,No
810,Swathi Nair,28,Male,Sales,Sales Executive,33251,7,3,Master,Married,No,3,5,No
811,Shreya Joshi,31,Male,HR,HR Executive,41522,0,3,Master,Married,No,4,5,No
812,Ajay Rao,36,Female,Marketing,Marketing Executive,47202,2,4,Master,Single,No,1,3,No
813,Kavya Patel,42,Female,HR,Recruiter,35068,7,4,Bachelor,Married,Yes,4,2,No
814,Ankit Iyer,28,Male,HR,HR Executive,39045,8,4,Bachelor,Married,Yes,2,5,Yes
815,Kavya Singh,31,Female,Finance,Financial Analyst,55424,7,4,Master,Single,No,2,4,No
816,Divya Reddy,33,Female,HR,HR Executive,34605,1,4,Master,Married,No,3,5,No
817,Anu Gupta,27,Female,HR,Recruiter,41265,7,4,Master,Single,No,1,5,Yes
818,Rahul Kumar,28,Male,Operations,Operations Manager,85244,3,3,Master,Single,Yes,2,4,Yes
819,Vikram Verma,25,Female,HR,HR Executive,33754,5,4,Master,Single,No,5,1,Yes
820,Priya Iyer,43,Male,HR,Recruiter,42971,1,5,Bachelor,Single,No,4,1,No
821,Rahul Nair,31,Male,Finance,Financial Analyst,65683,8,4,Bachelor,Single,Yes,2,5,No
822,Deepa Sharma,30,Male,Operations,Supply Chain Analyst,48319,5,5,Master,Single,No,3,1,No
823,Nisha Iyer,24,Female,Sales,Sales Executive,34147,5,5,Bachelor,Single,No,2,1,Yes
824,Bhavana Kumar,29,Male,Operations,Supply Chain Analyst,47667,7,3,Master,Single,No,2,3,Yes
825,Ritu Nair,38,Male,Operations,Operations Executive,42902,12,3,Bachelor,Married,No,4,4,No
826,Kavya Joshi,34,Female,Finance,Financial Analyst,61756,5,4,Bachelor,Married,Yes,2,1,Yes
827,Shreya Shetty,32,Male,Finance,Finance Manager,73038,3,3,Bachelor,Married,No,2,3,Yes
828,Ankit Joshi,33,Female,IT,System Admin,49623,3,2,Master,Married,Yes,5,3,No
829,Shreya Jain,32,Female,Finance,Finance Manager,94250,8,3,Bachelor,Married,No,1,5,No
830,Ritu Mishra,24,Female,IT,System Admin,46066,7,3,Master,Single,No,4,1,No
831,Ankit Patel,38,Female,Sales,Sales Executive,34294,4,3,Master,Married,No,4,3,No
832,Neha Rao,21,Female,Operations,Operations Manager,69000,2,3,Bachelor,Single,No,4,3,No
833,Sneha Patel,38,Male,HR,Recruiter,45124,4,4,Bachelor,Married,No,1,3,Yes
834,Deepa Sharma,25,Female,Marketing,Marketing Executive,44087,2,5,Master,Married,Yes,1,2,No
835,Karan Gupta,36,Male,Operations,Operations Executive,46437,6,5,Bachelor,Single,Yes,3,3,No
836,Sneha Chopra,29,Female,Sales,Sales Executive,34009,3,3,Bachelor,Married,No,4,4,No
837,Bhavana Singh,28,Male,Sales,Sales Manager,71567,1,3,Master,Single,Yes,3,1,No
838,Nisha Nair,40,Female,Finance,Finance Manager,91820,3,4,Bachelor,Single,Yes,2,4,No
839,Manoj Malhotra,38,Male,IT,System Admin,53915,9,4,Master,Married,Yes,2,2,Yes
840,Arun Nair,36,Female,Sales,Sales Manager,64826,3,2,Bachelor,Married,No,5,1,No
841,Divya Gupta,33,Female,IT,BI Analyst,50754,4,3,Bachelor,Single,No,1,5,No
842,Karan Malhotra,25,Male,Sales,Sales Manager,69633,5,2,Bachelor,Single,No,4,2,Yes
843,Sneha Reddy,23,Male,IT,BI Analyst,49169,8,3,Bachelor,Single,Yes,1,1,No
844,Swathi Iyer,28,Female,Sales,Sales Manager,76225,5,5,Master,Single,No,2,3,Yes
845,Rohan Reddy,32,Male,IT,System Admin,64542,3,4,Bachelor,Single,No,4,3,No
846,Harish Sharma,34,Male,IT,System Admin,44522,3,3,Bachelor,Single,No,2,3,Yes
847,Sanjay Verma,36,Female,Sales,Sales Manager,87373,0,3,Bachelor,Single,No,5,3,No
848,Manoj Sharma,31,Female,Marketing,Marketing Executive,47941,10,3,Master,Single,No,5,3,No
849,Sanjay Sharma,24,Male,Marketing,Digital Marketing Analyst,43694,2,5,Master,Married,No,5,4,No
850,Divya Rao,34,Female,IT,BI Analyst,54760,5,4,Bachelor,Single,Yes,4,3,No
851,Vikram Joshi,33,Male,Finance,Financial Analyst,57813,5,5,Diploma,Single,No,3,3,No
852,Shreya Gupta,34,Female,IT,System Admin,42273,7,3,Bachelor,Married,No,3,1,No
853,Pooja Chopra,33,Male,Sales,Sales Executive,44872,3,4,Master,Single,Yes,3,1,Yes
854,Sanjay Bhat,35,Male,IT,BI Analyst,57282,10,2,Bachelor,Married,Yes,2,3,No
855,Neha Singh,30,Male,IT,Data Analyst,46053,1,3,Master,Single,No,3,2,No
856,Kavya Mishra,37,Male,Marketing,SEO Specialist,46182,4,3,Diploma,Single,Yes,3,5,Yes
857,Ankit Jain,21,Female,Marketing,Marketing Executive,47111,7,3,Bachelor,Single,Yes,3,5,No
858,Kavya Das,27,Male,HR,HR Manager,70287,4,4,Bachelor,Married,No,3,4,No
859,Meena Malhotra,32,Female,HR,HR Manager,74016,5,5,Bachelor,Married,No,3,2,No
860,Priya Patel,35,Male,Sales,Business Development Executive,50080,3,2,Master,Single,No,4,5,No
861,Sanjay Patel,34,Male,IT,Data Analyst,69263,3,4,Master,Single,No,1,1,No
862,Isha Sharma,35,Female,Finance,Finance Manager,85586,6,4,Diploma,Single,No,2,3,No
863,Asha Kulkarni,25,Female,Marketing,SEO Specialist,42694,7,3,Bachelor,Married,Yes,1,2,Yes
864,Ritu Nair,27,Female,Sales,Sales Executive,44389,6,3,Bachelor,Single,Yes,5,3,No
865,Pooja Nair,33,Female,Sales,Business Development Executive,50602,10,3,Master,Married,Yes,5,2,No
866,Manoj Nair,29,Male,Operations,Supply Chain Analyst,46855,3,4,Bachelor,Married,Yes,4,4,Yes
867,Manoj Kumar,30,Male,Sales,Sales Executive,45332,3,2,Master,Married,No,3,2,No
868,Varun Gupta,35,Male,HR,HR Executive,40405,0,4,Master,Single,No,5,4,Yes
869,Varun Pillai,24,Male,IT,System Admin,44235,1,4,Master,Single,No,3,4,No
870,Neha Chopra,36,Female,IT,BI Analyst,67295,9,4,Diploma,Married,No,2,3,No
871,Harish Singh,30,Female,Finance,Financial Analyst,67260,3,2,Master,Single,Yes,1,4,No
872,Arun Patel,31,Female,Operations,Operations Manager,62029,7,3,Diploma,Married,No,4,1,No
873,Varun Chopra,25,Male,Marketing,Marketing Executive,46729,5,4,Master,Married,No,3,1,No
874,Asha Nair,36,Male,Sales,Sales Executive,36301,6,3,Master,Single,No,4,5,Yes
875,Divya Chopra,32,Female,IT,Software Engineer,82517,7,3,Bachelor,Single,Yes,2,5,Yes
876,Priya Chopra,21,Male,Marketing,SEO Specialist,56495,6,3,Diploma,Married,No,4,4,No
877,Vikram Rao,27,Male,HR,HR Manager,64499,0,3,Bachelor,Single,No,1,2,No
878,Rahul Bhat,34,Female,Finance,Accountant,48231,8,5,Bachelor,Single,No,5,5,No
879,Harish Patel,30,Male,Finance,Accountant,44570,7,5,Diploma,Married,Yes,4,3,No
880,Ritu Malhotra,40,Female,IT,System Admin,44318,8,3,Bachelor,Married,No,1,3,No
881,Nisha Joshi,40,Male,Operations,Operations Manager,81310,6,5,Bachelor,Single,Yes,5,2,No
882,Rahul Rao,31,Female,Marketing,Marketing Executive,32592,0,5,Bachelor,Married,Yes,5,4,No
883,Kavya Patel,29,Female,Marketing,SEO Specialist,47527,1,3,Bachelor,Single,No,5,3,No
884,Sneha Patel,44,Female,IT,Data Analyst,45488,3,3,Master,Married,No,5,1,No
885,Nisha Nair,31,Male,HR,HR Executive,34125,6,3,Bachelor,Single,No,2,3,No
886,Harish Bhat,31,Male,Finance,Accountant,47919,9,5,Bachelor,Married,No,2,4,No
887,Divya Gupta,27,Male,IT,Software Engineer,81864,5,3,Master,Single,No,4,5,No
888,Varun Das,26,Female,Marketing,SEO Specialist,43703,0,3,Master,Single,No,2,1,No
889,Ankit Pillai,27,Male,Operations,Operations Executive,43145,4,4,Bachelor,Married,Yes,1,1,No
890,Deepa Shetty,28,Male,HR,Recruiter,45820,2,3,Bachelor,Single,No,5,1,No
891,Kavya Jain,22,Male,Operations,Operations Manager,83782,4,5,Diploma,Married,No,1,3,No
892,Anu Chopra,21,Female,Marketing,SEO Specialist,51188,6,4,Master,Married,No,3,5,No
893,Sneha Bhat,31,Female,Marketing,Digital Marketing Analyst,48991,0,5,Bachelor,Married,Yes,1,3,Yes
894,Shreya Mishra,29,Female,IT,BI Analyst,52073,2,4,Bachelor,Married,No,5,1,No
895,Akash Reddy,32,Male,Marketing,Marketing Executive,39138,8,3,Bachelor,Single,No,4,5,No
896,Meena Malhotra,21,Female,IT,System Admin,49452,4,3,Bachelor,Married,Yes,4,2,No
897,Rahul Kumar,30,Female,Finance,Accountant,56134,6,4,Bachelor,Single,No,3,1,No
898,Sneha Iyer,32,Male,Operations,Operations Executive,37708,2,4,Bachelor,Single,Yes,5,4,No
899,Rakesh Shetty,29,Male,IT,System Admin,52976,2,2,Bachelor,Single,Yes,5,3,No
900,Rohan Kulkarni,37,Female,Sales,Sales Manager,79956,4,3,Bachelor,Married,No,1,1,Yes
901,Priya Reddy,42,Male,Finance,Finance Manager,89989,4,5,Bachelor,Married,No,2,4,No
902,Rohan Kumar,26,Male,Operations,Operations Executive,51185,0,4,Bachelor,Married,No,5,4,No
903,Anu Jain,21,Female,IT,System Admin,64710,0,3,Master,Married,Yes,3,1,Yes
904,Meena Bhat,32,Female,IT,System Admin,60656,6,5,Master,Married,No,4,2,No
905,Akash Pillai,21,Female,IT,BI Analyst,64548,7,4,Master,Single,Yes,4,4,No
906,Rahul Jain,28,Female,Finance,Accountant,41309,4,5,Bachelor,Single,Yes,5,4,Yes
907,Sneha Joshi,40,Female,HR,HR Executive,38591,7,3,Master,Married,No,3,2,No
908,Ajay Jain,29,Female,IT,System Admin,62671,1,5,Bachelor,Married,No,4,4,No
909,Akash Chopra,21,Female,IT,BI Analyst,52989,2,4,Master,Married,No,5,1,No
910,Rahul Chopra,29,Male,IT,BI Analyst,57743,1,3,Bachelor,Married,Yes,1,2,Yes
911,Akash Malhotra,30,Male,Sales,Business Development Executive,49107,4,3,Bachelor,Married,No,1,2,No
912,Harish Nair,29,Male,IT,System Admin,50500,2,3,Bachelor,Single,Yes,2,3,No
913,Deepa Bhat,32,Male,Operations,Operations Manager,61302,5,3,Bachelor,Married,No,1,5,No
914,Ajay Das,24,Male,Marketing,Marketing Executive,46576,8,4,Bachelor,Single,No,5,4,No
915,Anu Singh,30,Female,IT,Data Analyst,56590,4,3,Bachelor,Single,No,3,1,No
916,Isha Kulkarni,35,Female,Finance,Financial Analyst,46256,5,4,Bachelor,Married,No,1,3,No
917,Ajay Verma,36,Female,IT,Data Analyst,60404,5,3,Master,Married,Yes,2,3,Yes
918,Deepa Malhotra,27,Female,Finance,Financial Analyst,59231,5,3,Diploma,Married,No,2,1,Yes
919,Karan Joshi,24,Female,IT,Software Engineer,84764,4,3,Bachelor,Single,No,3,4,No
920,Rakesh Joshi,30,Male,Marketing,Digital Marketing Analyst,47173,3,3,Master,Married,No,3,1,Yes
921,Meena Pillai,30,Male,Sales,Sales Manager,82838,0,3,Bachelor,Single,No,1,3,No
922,Vikram Mishra,27,Male,Marketing,Digital Marketing Analyst,58424,4,4,Bachelor,Single,Yes,4,1,No
923,Sneha Chopra,31,Male,Sales,Sales Manager,70109,1,3,Diploma,Single,No,3,1,No
924,Anu Sharma,38,Female,Operations,Operations Manager,77687,1,4,Bachelor,Married,No,2,5,Yes
925,Karan Bhat,36,Male,Marketing,Marketing Executive,43865,5,5,Master,Single,No,5,2,No
926,Asha Kulkarni,27,Female,Sales,Business Development Executive,35446,9,3,Bachelor,Single,No,5,2,Yes
927,Ajay Rao,23,Male,IT,BI Analyst,56927,7,2,Bachelor,Single,No,2,1,No
928,Deepa Malhotra,37,Male,Finance,Accountant,38483,2,5,Bachelor,Single,No,4,1,No
929,Divya Nair,39,Male,Operations,Operations Executive,43900,3,3,Master,Single,No,5,1,No
930,Sneha Rao,32,Male,IT,BI Analyst,71031,5,3,Bachelor,Married,No,4,3,No
931,Manoj Shetty,30,Male,HR,Recruiter,41510,6,5,Master,Married,No,5,1,No
932,Priya Gupta,35,Male,Sales,Sales Executive,46050,0,3,Master,Married,Yes,2,2,No
933,Ritu Jain,38,Female,Sales,Sales Manager,70533,0,2,Bachelor,Single,No,2,1,No
934,Sanjay Bhat,37,Female,Operations,Supply Chain Analyst,57118,7,4,Master,Single,Yes,2,3,No
935,Karan Iyer,24,Female,Marketing,SEO Specialist,53037,3,5,Bachelor,Single,Yes,1,2,No
936,Pooja Nair,24,Female,Sales,Sales Executive,43701,3,5,Bachelor,Married,No,2,5,No
937,Swathi Malhotra,29,Male,Sales,Sales Manager,77145,6,4,Master,Single,No,2,3,No
938,Nisha Sharma,38,Male,Operations,Supply Chain Analyst,59182,8,3,Bachelor,Single,No,2,2,No
939,Rahul Malhotra,27,Female,IT,Software Engineer,80054,3,3,Diploma,Single,No,2,1,Yes
940,Bhavana Jain,21,Female,Sales,Sales Executive,39312,2,3,Master,Single,No,2,3,No
941,Anu Iyer,36,Male,Sales,Sales Manager,79419,9,4,Bachelor,Single,No,2,1,Yes
942,Swathi Malhotra,23,Female,IT,System Admin,61817,2,3,Master,Married,No,5,5,No
943,Bhavana Sharma,30,Female,Finance,Financial Analyst,49696,5,3,Master,Married,Yes,5,2,Yes
944,Ankit Rao,26,Female,IT,Data Analyst,52889,5,4,Bachelor,Married,No,5,1,No
945,Naveen Gupta,28,Male,Finance,Financial Analyst,65767,4,4,Bachelor,Single,No,2,2,No
946,Neha Das,34,Male,Marketing,SEO Specialist,41833,4,3,Master,Married,No,4,3,Yes
947,Asha Iyer,28,Male,Marketing,Digital Marketing Analyst,45865,4,3,Master,Married,No,4,3,No
948,Rahul Kumar,30,Female,Sales,Business Development Executive,35425,3,2,Bachelor,Single,No,3,5,No
949,Ritu Das,29,Female,Finance,Financial Analyst,68528,9,5,Master,Single,Yes,5,1,No
950,Bhavana Nair,34,Female,Sales,Sales Manager,62713,3,2,Bachelor,Married,Yes,2,2,Yes
951,Bhavana Mishra,35,Female,HR,HR Manager,65900,3,3,Master,Single,No,5,1,No
952,Sanjay Gupta,38,Male,Operations,Operations Executive,40322,5,4,Diploma,Single,No,1,1,No
953,Neha Nair,30,Female,Finance,Accountant,48196,5,3,Bachelor,Single,No,2,1,Yes
954,Harish Verma,21,Male,IT,Data Analyst,65533,1,3,Diploma,Single,Yes,3,5,No
955,Naveen Joshi,23,Male,Marketing,Marketing Executive,42174,4,3,Diploma,Married,Yes,2,2,Yes
956,Nisha Shetty,41,Male,IT,Software Engineer,78809,11,3,Master,Single,Yes,3,3,No
957,Divya Jain,34,Male,Sales,Sales Manager,65102,6,4,Master,Single,No,5,4,No
958,Vikram Iyer,21,Female,IT,System Admin,58818,2,3,Diploma,Single,No,3,1,No
959,Akash Patel,26,Female,Sales,Sales Executive,48473,2,4,Master,Single,No,3,3,No
960,Manoj Bhat,29,Male,IT,Data Analyst,56731,3,5,Bachelor,Single,No,1,2,Yes
961,Neha Malhotra,21,Male,IT,Data Analyst,52981,6,4,Bachelor,Single,No,4,4,No
962,Vikram Chopra,24,Male,IT,BI Analyst,61794,5,2,Diploma,Single,No,5,1,No
963,Meena Mishra,43,Female,Sales,Sales Executive,48611,1,4,Diploma,Married,No,5,2,No
964,Divya Verma,21,Female,Marketing,Marketing Executive,32027,3,3,Master,Married,No,2,4,No
965,Neha Nair,37,Female,IT,Data Analyst,45162,10,3,Bachelor,Single,Yes,5,3,No
966,Harish Gupta,23,Male,Sales,Business Development Executive,47700,5,4,Diploma,Married,No,2,1,Yes
967,Akash Sharma,28,Male,Sales,Sales Manager,76000,4,4,Master,Single,No,1,3,No
968,Divya Patel,46,Female,IT,Software Engineer,65078,0,3,Bachelor,Married,No,4,1,Yes
969,Kavya Verma,32,Female,IT,BI Analyst,49141,5,3,Master,Single,Yes,4,4,No
970,Akash Kulkarni,37,Male,IT,Data Analyst,50271,4,4,Bachelor,Married,No,4,1,No
971,Arun Malhotra,32,Female,Sales,Sales Manager,68475,3,3,Diploma,Single,No,3,4,No
972,Ankit Reddy,32,Male,Marketing,Digital Marketing Analyst,53895,3,4,Master,Married,No,1,2,No
973,Bhavana Pillai,34,Male,IT,System Admin,51231,3,3,Master,Married,No,1,4,Yes
974,Kavya Sharma,33,Male,Sales,Sales Executive,35856,4,3,Bachelor,Single,No,5,3,No
975,Meena Gupta,37,Female,Sales,Sales Manager,62754,4,4,Bachelor,Single,No,2,2,No
976,Rohan Shetty,21,Male,Finance,Financial Analyst,60021,8,3,Bachelor,Married,No,5,5,Yes
977,Anu Kumar,25,Female,HR,HR Manager,68131,2,3,Diploma,Single,No,3,4,Yes
978,Bhavana Singh,27,Female,Finance,Finance Manager,85171,8,4,Bachelor,Single,Yes,3,3,No
979,Ritu Rao,21,Male,Finance,Accountant,54435,13,4,Bachelor,Married,Yes,2,3,No
980,Swathi Mishra,37,Male,Operations,Operations Manager,68750,5,3,Bachelor,Single,No,2,3,No
981,Ritu Mishra,30,Female,HR,HR Executive,41632,5,4,Bachelor,Married,No,5,4,No
982,Shreya Rao,34,Female,Sales,Sales Manager,77440,6,3,Bachelor,Married,Yes,4,2,No
983,Rohan Das,34,Female,IT,Data Analyst,54962,4,4,Master,Single,Yes,5,3,No
984,Sneha Rao,29,Female,Finance,Accountant,56233,4,4,Bachelor,Single,No,1,3,No
985,Karan Rao,29,Male,Operations,Operations Executive,43481,7,4,Master,Single,Yes,1,5,Yes
986,Ankit Singh,34,Female,Sales,Sales Manager,76459,0,3,Master,Single,No,1,3,No
987,Rohan Das,34,Male,Marketing,Digital Marketing Analyst,40109,5,3,Diploma,Single,No,4,3,No
988,Ritu Kulkarni,30,Female,Finance,Finance Manager,72346,3,3,Master,Married,No,1,5,Yes
989,Ritu Rao,37,Male,Operations,Operations Manager,72133,7,5,Bachelor,Single,No,4,1,Yes
990,Rakesh Sharma,26,Female,Sales,Sales Executive,34346,5,3,Master,Single,No,2,3,Yes
991,Ritu Mishra,25,Male,IT,BI Analyst,69016,0,3,Master,Married,No,4,5,Yes
992,Priya Jain,27,Female,Operations,Operations Executive,49407,7,3,Diploma,Single,Yes,4,5,No
993,Pooja Rao,36,Female,Operations,Operations Manager,87123,6,4,Master,Married,No,4,4,No
994,Vikram Chopra,35,Female,Marketing,SEO Specialist,39395,6,3,Master,Single,No,4,1,Yes
995,Varun Reddy,27,Female,Marketing,Marketing Executive,40667,5,3,Master,Single,Yes,4,2,Yes
996,Ritu Patel,35,Male,Sales,Business Development Executive,43451,6,4,Master,Single,No,3,4,No
997,Manoj Joshi,38,Male,Marketing,Marketing Executive,41985,6,2,Diploma,Single,No,3,2,No
998,Asha Kumar,33,Female,IT,Software Engineer,69854,7,4,Master,Single,Yes,2,5,Yes
999,Bhavana Pillai,30,Male,IT,BI Analyst,65148,1,4,Bachelor,Single,Yes,5,3,No
1000,Meena Kumar,30,Male,Finance,Finance Manager,75135,2,3,Diploma,Single,No,3,2,No
1001,Divya Shetty,26,Female,Finance,Finance Manager,94430,4,4,Bachelor,Single,No,1,5,Yes
1002,Sanjay Singh,26,Female,Finance,Financial Analyst,46834,3,5,Bachelor,Single,No,5,1,No
1003,Divya Reddy,21,Female,IT,Software Engineer,68184,5,3,Master,Single,No,3,5,No
1004,Rahul Mishra,31,Male,Operations,Operations Executive,51594,2,2,Bachelor,Married,No,4,1,No
1005,Asha Chopra,34,Female,Marketing,Marketing Executive,47965,7,3,Bachelor,Single,Yes,5,2,Yes
1006,Ritu Kumar,21,Male,Sales,Sales Executive,38249,2,4,Bachelor,Married,No,4,1,No
1007,Deepa Kulkarni,26,Male,Sales,Sales Executive,41178,1,4,Bachelor,Married,Yes,5,2,Yes
1008,Priya Jain,35,Female,IT,BI Analyst,64245,3,5,Diploma,Single,Yes,5,4,Yes
1009,Pooja Mishra,29,Male,Finance,Accountant,44986,0,3,Master,Married,Yes,1,2,Yes
1010,Swathi Verma,34,Female,Marketing,Digital Marketing Analyst,46288,0,4,Diploma,Single,No,3,2,No
1011,Nisha Joshi,31,Female,Marketing,SEO Specialist,43494,5,3,Bachelor,Single,No,4,3,No
1012,Ankit Patel,39,Male,IT,System Admin,55668,0,4,Master,Single,Yes,5,4,Yes
1013,Asha Mishra,21,Female,Operations,Supply Chain Analyst,51659,5,5,Master,Single,No,2,3,No
1014,Karan Mishra,41,Male,Sales,Sales Manager,63500,8,4,Master,Married,No,4,3,Yes
1015,Akash Rao,32,Male,Finance,Finance Manager,74179,3,5,Diploma,Married,No,4,2,No
1016,Anu Jain,35,Male,HR,HR Executive,37317,1,3,Bachelor,Married,Yes,2,1,No
1017,Naveen Sharma,33,Male,Marketing,Marketing Executive,49400,6,4,Master,Single,No,5,3,No
1018,Manoj Shetty,37,Male,IT,Data Analyst,55527,12,5,Bachelor,Married,No,2,2,No
1019,Ajay Kulkarni,33,Male,IT,System Admin,57936,2,4,Diploma,Single,No,4,4,No
1020,Rohan Reddy,30,Male,HR,HR Manager,71122,0,2,Bachelor,Single,No,3,5,No
1021,Divya Reddy,26,Female,Finance,Finance Manager,80350,3,5,Master,Single,No,1,5,No
1022,Rohan Das,27,Male,Marketing,Digital Marketing Analyst,45953,4,3,Diploma,Married,Yes,3,1,No
1023,Kavya Gupta,26,Male,Sales,Business Development Executive,35279,7,5,Bachelor,Single,No,4,1,Yes
1024,Meena Iyer,31,Male,IT,Software Engineer,60001,4,4,Master,Single,No,3,5,No
1025,Isha Singh,29,Female,IT,Data Analyst,55730,4,4,Diploma,Single,Yes,3,1,No
1026,Manoj Nair,35,Male,Finance,Accountant,42499,1,3,Diploma,Single,No,3,1,No
1027,Harish Rao,27,Female,Marketing,Digital Marketing Analyst,53080,3,3,Master,Married,No,4,4,No
1028,Anu Malhotra,22,Female,Sales,Sales Executive,33943,2,5,Bachelor,Single,No,2,2,No
1029,Asha Sharma,28,Male,IT,System Admin,45669,7,3,Diploma,Married,No,3,5,No
1030,Sneha Reddy,32,Male,Sales,Sales Manager,87780,5,5,Bachelor,Single,Yes,1,4,No
1031,Asha Gupta,36,Male,Finance,Financial Analyst,53159,4,2,Diploma,Married,No,1,2,Yes
1032,Kavya Verma,33,Male,Sales,Sales Executive,43594,4,4,Bachelor,Married,No,3,3,No
1033,Isha Kumar,32,Female,IT,Software Engineer,76453,2,3,Diploma,Married,Yes,2,3,No
1034,Ritu Kulkarni,21,Female,Finance,Accountant,55677,4,3,Diploma,Single,No,4,1,No
1035,Deepa Das,39,Female,IT,Data Analyst,58601,7,3,Bachelor,Single,Yes,4,4,No
1036,Arun Pillai,36,Male,IT,Data Analyst,65106,8,3,Diploma,Single,No,5,3,No
1037,Ritu Nair,31,Female,Sales,Business Development Executive,48232,5,3,Bachelor,Married,Yes,1,1,Yes
1038,Rakesh Kumar,27,Female,IT,System Admin,58937,3,4,Bachelor,Married,No,5,5,No
1039,Karan Sharma,34,Male,Marketing,Marketing Executive,33573,8,3,Master,Single,No,1,4,No
1040,Akash Rao,30,Female,IT,Data Analyst,65601,3,3,Bachelor,Single,No,3,2,No
1041,Karan Kumar,31,Male,Sales,Sales Executive,41051,6,4,Master,Single,Yes,5,3,No
1042,Deepa Gupta,22,Male,IT,BI Analyst,61976,0,4,Master,Single,No,1,3,No
1043,Priya Kulkarni,27,Female,HR,Recruiter,44065,0,3,Master,Single,No,4,4,No
1044,Sanjay Kulkarni,27,Female,IT,Software Engineer,59946,4,4,Bachelor,Single,No,3,5,No
1045,Varun Malhotra,28,Male,HR,HR Manager,77295,8,4,Master,Married,Yes,2,1,Yes
1046,Rakesh Pillai,32,Male,IT,Software Engineer,84193,5,5,Bachelor,Married,No,3,4,No
1047,Kavya Gupta,34,Male,Sales,Sales Executive,32189,1,2,Bachelor,Single,Yes,5,5,Yes
1048,Vikram Gupta,37,Female,IT,Software Engineer,54622,4,3,Bachelor,Single,No,2,3,Yes
1049,Harish Malhotra,35,Female,Operations,Operations Executive,44196,1,3,Bachelor,Single,No,1,5,No
1050,Rahul Rao,21,Male,Sales,Business Development Executive,43916,6,3,Bachelor,Married,No,1,3,No
1051,Priya Malhotra,33,Female,Marketing,Digital Marketing Analyst,47360,1,4,Bachelor,Single,No,4,3,No
1052,Harish Kumar,25,Female,Operations,Supply Chain Analyst,62907,7,5,Master,Married,No,4,1,Yes
1053,Naveen Pillai,23,Male,Marketing,SEO Specialist,38722,9,5,Master,Single,No,3,3,Yes
1054,Ankit Malhotra,25,Female,IT,BI Analyst,67878,6,4,Master,Single,No,4,5,No
1055,Harish Singh,29,Male,Sales,Business Development Executive,38110,6,2,Bachelor,Married,No,1,5,Yes
1056,Ankit Jain,27,Male,IT,BI Analyst,65129,4,4,Bachelor,Married,No,4,5,Yes
1057,Vikram Shetty,31,Female,Finance,Accountant,52962,1,4,Bachelor,Married,Yes,4,1,No
1058,Harish Bhat,35,Male,Marketing,Digital Marketing Analyst,45262,2,5,Bachelor,Single,Yes,4,3,No
1059,Anu Singh,29,Male,Finance,Finance Manager,76527,1,4,Master,Single,No,1,3,No
1060,Naveen Pillai,21,Female,IT,System Admin,48624,3,5,Bachelor,Single,No,2,4,No
1061,Deepa Joshi,45,Male,IT,BI Analyst,64584,6,4,Diploma,Single,Yes,5,3,No
1062,Rohan Bhat,30,Female,Marketing,SEO Specialist,44630,3,3,Master,Single,Yes,5,4,Yes
1063,Sneha Das,31,Male,IT,Software Engineer,55387,6,3,Diploma,Married,No,3,5,No
1064,Swathi Iyer,23,Female,Marketing,Marketing Executive,39400,7,4,Bachelor,Single,No,2,2,No
1065,Karan Kulkarni,35,Female,IT,System Admin,60615,6,5,Master,Single,No,5,5,No
1066,Isha Singh,33,Male,Sales,Business Development Executive,47131,4,4,Master,Married,No,3,4,No
1067,Isha Kulkarni,35,Female,IT,System Admin,60971,6,5,Bachelor,Married,No,2,5,Yes
1068,Ajay Patel,28,Male,Finance,Finance Manager,80246,2,3,Master,Single,No,5,2,No
1069,Neha Pillai,31,Male,Sales,Sales Manager,81308,9,4,Bachelor,Married,Yes,4,5,Yes
1070,Harish Gupta,23,Female,Operations,Operations Executive,50082,0,4,Bachelor,Married,No,1,5,No
1071,Shreya Chopra,31,Male,Operations,Operations Executive,38726,4,3,Master,Single,Yes,5,4,No
1072,Karan Iyer,32,Female,IT,Data Analyst,62359,5,4,Bachelor,Single,No,5,1,No
1073,Ankit Pillai,29,Female,IT,Software Engineer,75391,8,2,Diploma,Married,No,1,4,No
1074,Divya Singh,21,Female,IT,System Admin,48047,2,3,Bachelor,Married,No,4,1,No
1075,Arun Verma,30,Male,IT,Data Analyst,46938,0,3,Bachelor,Single,No,1,5,No
1076,Divya Malhotra,29,Female,HR,HR Manager,57273,9,2,Bachelor,Single,No,5,3,No
1077,Naveen Verma,31,Female,Sales,Business Development Executive,40797,5,5,Bachelor,Married,Yes,3,5,No
1078,Shreya Verma,23,Female,Sales,Sales Manager,69549,2,4,Diploma,Married,No,1,3,Yes
1079,Arun Bhat,28,Female,Sales,Sales Executive,42741,3,3,Master,Married,No,4,5,No
1080,Isha Pillai,38,Male,HR,HR Executive,32960,6,3,Diploma,Single,No,1,3,No
1081,Harish Bhat,24,Female,Marketing,SEO Specialist,53430,5,4,Bachelor,Married,No,5,5,No
1082,Asha Pillai,33,Male,Finance,Financial Analyst,57355,7,3,Master,Single,No,4,4,No
1083,Priya Joshi,40,Male,IT,BI Analyst,49364,1,3,Diploma,Married,No,1,5,Yes
1084,Deepa Patel,26,Female,Operations,Operations Manager,66168,0,4,Master,Single,Yes,3,4,No
1085,Karan Singh,29,Male,Marketing,SEO Specialist,39232,5,4,Master,Single,No,1,2,No
1086,Asha Singh,36,Female,Finance,Accountant,41811,4,3,Master,Married,Yes,4,2,No
1087,Ritu Kumar,29,Female,Finance,Financial Analyst,49642,4,5,Master,Single,No,1,2,No
1088,Ajay Iyer,25,Male,Operations,Supply Chain Analyst,55554,10,3,Diploma,Married,Yes,1,4,No
1089,Priya Nair,21,Male,Marketing,Digital Marketing Analyst,61723,5,4,Master,Single,No,4,2,No
1090,Bhavana Chopra,43,Female,IT,BI Analyst,65572,4,3,Bachelor,Married,Yes,4,3,No
1091,Rahul Pillai,29,Male,IT,Data Analyst,49165,3,4,Diploma,Married,No,4,2,No
1092,Manoj Gupta,29,Female,Sales,Sales Executive,44285,8,2,Bachelor,Single,No,1,2,No
1093,Neha Das,21,Female,Sales,Sales Executive,38218,9,4,Master,Single,Yes,2,3,No
1094,Asha Das,22,Male,IT,Data Analyst,66561,3,3,Diploma,Single,Yes,2,3,No
1095,Ritu Verma,28,Male,HR,HR Executive,40487,6,4,Bachelor,Married,Yes,1,4,No
1096,Harish Chopra,21,Male,Finance,Financial Analyst,46914,5,2,Diploma,Married,Yes,1,5,No
1097,Ankit Das,43,Female,IT,Software Engineer,68511,0,4,Bachelor,Married,No,5,4,No
1098,Sneha Gupta,32,Male,Operations,Operations Executive,51578,2,4,Bachelor,Married,No,2,4,No
1099,Naveen Bhat,33,Male,IT,Software Engineer,52788,4,5,Diploma,Single,Yes,3,2,No
1100,Ankit Das,27,Female,Marketing,Digital Marketing Analyst,54821,5,4,Bachelor,Married,No,4,4,No
1101,Neha Das,41,Male,IT,System Admin,63604,3,3,Master,Single,No,5,2,No
1102,Harish Malhotra,35,Male,Sales,Sales Manager,89644,0,4,Bachelor,Single,Yes,4,3,No
1103,Divya Rao,25,Female,Sales,Sales Executive,44515,5,3,Diploma,Married,No,4,2,Yes
1104,Manoj Singh,39,Male,Sales,Sales Executive,34937,5,5,Master,Married,No,5,2,No
1105,Asha Patel,29,Male,Operations,Operations Executive,36141,4,3,Diploma,Married,No,1,1,Yes
1106,Rohan Chopra,23,Male,IT,Data Analyst,56892,6,5,Bachelor,Married,No,3,1,No
1107,Deepa Malhotra,36,Male,Operations,Supply Chain Analyst,47349,3,3,Bachelor,Single,No,2,2,No
1108,Rahul Gupta,28,Male,Sales,Business Development Executive,49578,5,4,Bachelor,Married,Yes,1,2,Yes
1109,Manoj Sharma,28,Male,Operations,Supply Chain Analyst,61165,4,3,Master,Married,No,3,4,No
1110,Isha Gupta,43,Male,Operations,Operations Manager,69833,3,5,Diploma,Married,Yes,2,5,No
1111,Neha Kumar,28,Male,IT,Software Engineer,77376,2,3,Master,Married,No,4,1,No
1112,Rohan Patel,35,Female,IT,System Admin,56710,3,3,Diploma,Single,Yes,3,3,No
1113,Divya Pillai,27,Female,IT,BI Analyst,48629,8,3,Bachelor,Married,No,1,5,No
1114,Neha Kumar,39,Male,Sales,Sales Executive,41210,2,4,Bachelor,Married,No,4,4,No
1115,Swathi Gupta,21,Male,Sales,Sales Manager,89354,7,3,Diploma,Married,Yes,3,5,Yes
1116,Anu Mishra,26,Female,Marketing,Marketing Executive,32316,6,2,Bachelor,Single,No,1,1,No
1117,Naveen Gupta,21,Female,Operations,Operations Manager,80072,7,3,Master,Married,No,3,1,Yes
1118,Ankit Mishra,23,Female,IT,Data Analyst,46638,6,3,Diploma,Single,No,2,2,No
1119,Rahul Das,31,Male,Finance,Accountant,57392,1,4,Master,Single,No,4,3,No
1120,Divya Verma,28,Female,IT,Data Analyst,68031,6,3,Bachelor,Single,No,2,1,No
1121,Neha Singh,31,Female,Marketing,Marketing Executive,45976,6,3,Master,Single,No,3,2,No
1122,Harish Das,42,Male,Sales,Business Development Executive,49093,0,3,Bachelor,Single,No,1,5,Yes
1123,Ajay Mishra,40,Female,HR,HR Manager,73651,4,3,Master,Married,No,5,1,No
1124,Naveen Shetty,25,Male,Sales,Business Development Executive,54242,0,3,Bachelor,Single,No,2,2,Yes
1125,Harish Rao,29,Male,Sales,Sales Manager,65003,7,5,Master,Married,No,4,4,No
1126,Shreya Verma,30,Female,Sales,Sales Executive,44233,9,4,Bachelor,Married,Yes,3,1,No
1127,Ajay Bhat,22,Female,IT,Software Engineer,75705,4,3,Bachelor,Single,No,1,4,Yes
1128,Priya Mishra,23,Male,IT,Software Engineer,73158,5,4,Bachelor,Single,No,4,1,No
1129,Rohan Joshi,36,Male,Finance,Finance Manager,75092,3,3,Bachelor,Single,Yes,4,1,No
1130,Priya Sharma,21,Female,Finance,Financial Analyst,63524,5,4,Master,Single,No,2,3,No
1131,Rohan Chopra,33,Female,Sales,Sales Manager,85782,5,3,Bachelor,Single,No,3,4,No
1132,Ajay Singh,38,Female,Marketing,SEO Specialist,55968,1,5,Diploma,Married,No,2,5,Yes
1133,Ritu Kumar,35,Female,Sales,Sales Manager,77341,8,3,Diploma,Single,Yes,3,1,No
1134,Asha Mishra,21,Female,HR,Recruiter,39040,5,4,Bachelor,Single,No,1,4,Yes
1135,Isha Malhotra,27,Female,IT,BI Analyst,69162,4,4,Diploma,Single,Yes,5,2,Yes
1136,Asha Joshi,33,Female,Finance,Financial Analyst,67958,3,4,Bachelor,Married,Yes,4,4,No
1137,Deepa Verma,26,Male,IT,Software Engineer,79273,4,2,Master,Married,Yes,4,2,No
1138,Asha Nair,24,Female,Sales,Sales Manager,79217,1,5,Bachelor,Single,No,3,2,Yes
1139,Ritu Patel,35,Male,HR,Recruiter,41480,1,3,Bachelor,Married,No,4,3,No
1140,Sanjay Verma,34,Female,Finance,Financial Analyst,49584,5,5,Bachelor,Married,Yes,1,1,Yes
1141,Sanjay Jain,21,Female,Operations,Operations Executive,47125,2,4,Diploma,Single,No,1,4,No
1142,Shreya Bhat,38,Female,Finance,Financial Analyst,52840,1,4,Bachelor,Single,Yes,3,2,Yes
1143,Harish Rao,28,Female,HR,HR Manager,65468,5,3,Bachelor,Married,No,2,5,No
1144,Akash Pillai,35,Male,HR,Recruiter,35589,3,2,Master,Single,Yes,2,5,Yes
1145,Varun Malhotra,27,Female,HR,HR Manager,72571,8,4,Bachelor,Married,Yes,2,2,Yes
1146,Pooja Das,41,Male,IT,System Admin,54865,7,3,Bachelor,Married,No,3,3,No
1147,Anu Joshi,31,Male,HR,HR Manager,79895,2,3,Bachelor,Single,Yes,2,2,No
1148,Asha Joshi,26,Female,Marketing,SEO Specialist,44268,6,5,Master,Single,Yes,2,5,Yes
1149,Nisha Pillai,33,Male,HR,HR Executive,44351,8,3,Diploma,Single,No,4,5,No
1150,Pooja Das,34,Female,Sales,Sales Manager,68986,0,2,Bachelor,Single,Yes,1,1,No
1151,Asha Joshi,37,Female,Sales,Business Development Executive,44174,1,3,Bachelor,Married,No,3,1,No
1152,Isha Pillai,28,Male,Marketing,Marketing Executive,32995,5,3,Bachelor,Married,No,2,1,No
1153,Nisha Reddy,42,Female,IT,Data Analyst,45739,13,4,Bachelor,Married,No,3,3,No
1154,Akash Patel,34,Female,Finance,Accountant,43735,3,2,Master,Single,No,4,4,No
1155,Asha Patel,34,Male,Finance,Financial Analyst,67599,7,4,Bachelor,Single,No,2,2,No
1156,Nisha Bhat,29,Male,Operations,Supply Chain Analyst,54035,9,4,Master,Married,Yes,1,5,No
1157,Meena Pillai,32,Female,IT,System Admin,53384,5,3,Master,Single,No,3,4,No
1158,Bhavana Verma,34,Male,Finance,Financial Analyst,59770,5,5,Bachelor,Single,Yes,3,4,No
1159,Ankit Reddy,36,Female,Operations,Supply Chain Analyst,48744,2,4,Master,Married,Yes,5,2,No
1160,Rohan Shetty,27,Female,Marketing,Marketing Executive,42973,1,4,Master,Single,No,2,2,No
1161,Meena Iyer,33,Male,Sales,Sales Manager,80986,6,3,Bachelor,Single,No,1,2,No
1162,Varun Nair,33,Female,Finance,Finance Manager,92041,9,3,Diploma,Married,Yes,4,3,No
1163,Arun Jain,30,Female,Operations,Operations Executive,42304,6,2,Bachelor,Single,No,1,1,No
1164,Nisha Malhotra,24,Male,Operations,Operations Manager,80291,3,2,Master,Single,No,3,4,No
1165,Kavya Chopra,35,Male,Sales,Business Development Executive,52662,7,5,Bachelor,Single,Yes,4,4,No
1166,Priya Singh,29,Male,Finance,Financial Analyst,53262,4,5,Bachelor,Married,No,1,4,No
1167,Naveen Das,21,Female,Finance,Finance Manager,75151,3,3,Master,Single,No,1,3,No
1168,Manoj Kumar,36,Female,IT,BI Analyst,50264,6,2,Bachelor,Married,No,5,4,No
1169,Ritu Mishra,34,Female,Finance,Financial Analyst,50332,4,3,Bachelor,Single,Yes,4,3,Yes
1170,Karan Singh,31,Female,Sales,Business Development Executive,47344,2,5,Bachelor,Single,Yes,4,2,Yes
1171,Ritu Chopra,35,Female,IT,BI Analyst,52325,5,4,Master,Married,Yes,2,2,No
1172,Rahul Kumar,33,Male,HR,Recruiter,36742,2,4,Bachelor,Married,No,3,5,No
1173,Isha Gupta,21,Male,Sales,Business Development Executive,51617,7,2,Bachelor,Married,No,4,4,No
1174,Swathi Verma,28,Female,IT,Software Engineer,67236,1,4,Master,Single,No,3,5,No
1175,Asha Nair,35,Female,Sales,Sales Executive,31965,3,3,Bachelor,Single,No,1,3,No
1176,Nisha Pillai,37,Female,Sales,Sales Manager,66182,6,3,Master,Single,Yes,4,2,No
1177,Priya Pillai,35,Male,IT,Software Engineer,59529,0,4,Master,Married,Yes,2,5,No
1178,Kavya Patel,38,Female,Sales,Sales Executive,43316,5,3,Master,Married,No,2,3,Yes
1179,Swathi Kulkarni,28,Female,Operations,Supply Chain Analyst,57707,4,3,Master,Single,No,2,2,No
1180,Priya Gupta,21,Female,Operations,Operations Manager,73674,5,3,Master,Single,Yes,5,1,Yes
1181,Isha Joshi,24,Male,Marketing,Marketing Executive,49540,0,3,Bachelor,Married,No,3,3,No
1182,Meena Pillai,21,Male,Marketing,Digital Marketing Analyst,61659,7,3,Diploma,Married,No,5,5,No
1183,Rohan Mishra,27,Male,IT,BI Analyst,67478,9,4,Master,Single,No,3,3,No
1184,Shreya Iyer,27,Female,Operations,Operations Manager,68647,0,3,Bachelor,Married,No,4,3,No
1185,Anu Joshi,24,Male,Marketing,Marketing Executive,49043,8,3,Master,Married,No,2,4,Yes
1186,Rohan Gupta,30,Male,Finance,Accountant,56618,2,3,Master,Single,Yes,4,3,No
1187,Manoj Bhat,31,Male,IT,Data Analyst,53349,6,3,Bachelor,Single,No,1,2,No
1188,Rohan Nair,37,Male,Sales,Sales Manager,75609,8,3,Bachelor,Single,No,5,1,No
1189,Swathi Nair,28,Male,IT,Data Analyst,62538,0,4,Diploma,Single,Yes,1,5,Yes
1190,Kavya Singh,28,Male,Operations,Operations Manager,83578,5,3,Diploma,Single,Yes,3,5,No
1191,Ritu Sharma,25,Male,IT,System Admin,54559,1,4,Bachelor,Single,Yes,2,2,Yes
1192,Isha Singh,33,Male,Operations,Operations Executive,39427,4,4,Bachelor,Single,No,2,4,No
1193,Priya Jain,31,Female,IT,Data Analyst,52608,2,4,Bachelor,Married,No,4,2,Yes
1194,Nisha Jain,29,Female,Finance,Financial Analyst,51721,1,4,Bachelor,Married,No,5,3,No
1195,Priya Malhotra,36,Male,Marketing,SEO Specialist,48221,7,3,Bachelor,Married,No,5,2,Yes
1196,Ankit Malhotra,21,Male,Marketing,SEO Specialist,45524,1,3,Bachelor,Single,No,3,2,No
1197,Nisha Jain,22,Female,Operations,Operations Executive,45780,2,4,Bachelor,Married,Yes,5,3,No
1198,Bhavana Chopra,30,Female,Finance,Financial Analyst,50180,0,3,Bachelor,Single,No,3,4,Yes
1199,Deepa Patel,25,Female,Finance,Finance Manager,68027,1,4,Diploma,Single,No,1,2,No
1200,Sanjay Reddy,32,Male,IT,System Admin,55417,4,3,Bachelor,Single,No,2,2,Yes
1201,Kavya Verma,26,Female,IT,Data Analyst,62954,5,4,Master,Married,No,2,3,No
1202,Meena Bhat,27,Female,IT,Software Engineer,74178,3,2,Bachelor,Married,Yes,1,4,No
1203,Karan Patel,41,Female,Operations,Operations Executive,35862,8,3,Bachelor,Single,No,5,5,No
1204,Naveen Singh,23,Female,Sales,Sales Executive,35739,6,5,Master,Single,Yes,2,4,No
1205,Ankit Kulkarni,35,Female,IT,Data Analyst,63032,1,5,Bachelor,Single,No,4,4,No
1206,Bhavana Pillai,35,Male,Sales,Business Development Executive,48358,9,4,Master,Married,No,3,5,No
1207,Asha Mishra,24,Female,IT,Data Analyst,57318,1,2,Diploma,Married,Yes,4,4,No
1208,Asha Singh,37,Female,Sales,Sales Executive,42987,5,3,Master,Single,No,2,3,Yes
1209,Meena Nair,34,Male,Operations,Supply Chain Analyst,43682,5,3,Master,Single,Yes,2,4,Yes
1210,Deepa Pillai,33,Male,IT,Data Analyst,56625,0,3,Bachelor,Married,No,5,3,No
1211,Vikram Patel,37,Female,HR,Recruiter,47195,8,3,Bachelor,Married,Yes,1,2,No
1212,Swathi Kulkarni,29,Male,HR,HR Executive,36668,4,2,Bachelor,Married,No,5,3,No
1213,Meena Rao,21,Male,Sales,Sales Manager,62204,6,3,Bachelor,Married,No,5,5,No
1214,Pooja Sharma,34,Male,IT,BI Analyst,55216,4,3,Master,Single,No,3,4,Yes
1215,Divya Sharma,37,Male,Operations,Operations Executive,42360,3,4,Bachelor,Married,Yes,5,5,No
1216,Manoj Mishra,34,Female,Operations,Operations Executive,37743,1,3,Bachelor,Single,No,2,4,Yes
1217,Shreya Chopra,30,Male,Finance,Financial Analyst,62259,3,5,Bachelor,Single,No,3,3,No
1218,Ankit Patel,32,Female,Sales,Sales Manager,76347,3,3,Bachelor,Single,No,5,3,No
1219,Naveen Bhat,30,Male,Operations,Supply Chain Analyst,47021,6,3,Bachelor,Single,No,2,4,No
1220,Rakesh Patel,28,Male,Sales,Sales Manager,85394,0,3,Bachelor,Single,Yes,4,1,Yes
1221,Nisha Rao,41,Female,Sales,Sales Manager,75942,8,3,Diploma,Single,No,3,2,No
1222,Bhavana Reddy,23,Male,Sales,Sales Manager,70719,6,4,Bachelor,Married,Yes,2,5,No
1223,Rahul Gupta,27,Female,IT,Data Analyst,45068,5,3,Bachelor,Married,No,2,1,No
1224,Rahul Malhotra,32,Male,IT,System Admin,61099,3,4,Bachelor,Single,Yes,1,1,Yes
1225,Ritu Joshi,26,Female,HR,HR Executive,40619,2,5,Master,Single,Yes,3,5,Yes
1226,Rohan Verma,25,Male,IT,BI Analyst,49049,2,3,Master,Single,No,2,3,No
1227,Divya Singh,30,Male,Finance,Financial Analyst,55135,2,5,Bachelor,Married,No,4,2,No
1228,Pooja Mishra,35,Female,Sales,Business Development Executive,39893,8,2,Bachelor,Married,Yes,4,2,No
1229,Divya Pillai,27,Female,Finance,Finance Manager,74913,5,4,Bachelor,Single,No,5,5,No
1230,Manoj Rao,33,Female,Finance,Financial Analyst,51113,5,3,Bachelor,Single,No,3,4,No
1231,Swathi Verma,31,Male,Marketing,Digital Marketing Analyst,46028,6,3,Bachelor,Married,No,3,5,Yes
1232,Vikram Iyer,33,Female,Operations,Supply Chain Analyst,61789,0,3,Diploma,Single,No,2,5,No
1233,Harish Kulkarni,36,Female,Finance,Financial Analyst,45089,7,4,Master,Married,No,3,3,No
1234,Anu Patel,26,Male,IT,Software Engineer,62888,4,4,Master,Married,Yes,4,5,No
1235,Rakesh Jain,35,Male,Sales,Business Development Executive,37057,3,4,Master,Single,No,4,5,No
1236,Vikram Rao,37,Female,Operations,Operations Manager,81903,11,5,Master,Single,Yes,1,2,No
1237,Rakesh Bhat,26,Female,IT,Software Engineer,67932,0,3,Master,Single,Yes,1,1,Yes
1238,Bhavana Singh,32,Male,Operations,Operations Executive,43422,6,4,Master,Single,No,5,5,No
1239,Meena Kumar,29,Male,Operations,Supply Chain Analyst,57724,8,3,Master,Single,No,3,2,Yes
1240,Naveen Bhat,22,Male,IT,System Admin,52141,6,3,Diploma,Single,Yes,1,3,No
1241,Rohan Nair,27,Female,Finance,Accountant,41714,9,5,Master,Single,Yes,3,2,No
1242,Swathi Iyer,42,Male,Sales,Business Development Executive,46574,2,4,Bachelor,Married,No,3,1,Yes
1243,Sanjay Bhat,27,Female,Sales,Sales Manager,64777,7,5,Master,Married,No,1,2,Yes
1244,Ritu Pillai,28,Female,IT,System Admin,48958,4,3,Bachelor,Married,Yes,5,4,Yes
1245,Varun Shetty,31,Female,Marketing,SEO Specialist,51002,0,5,Master,Married,No,4,5,No
1246,Asha Mishra,30,Female,IT,Data Analyst,58616,2,3,Bachelor,Single,No,3,3,No
1247,Deepa Mishra,28,Female,Operations,Operations Executive,50198,8,4,Master,Single,Yes,2,4,No
1248,Meena Kumar,23,Male,IT,Data Analyst,54837,6,3,Master,Single,Yes,1,1,No
1249,Kavya Sharma,29,Male,Marketing,Marketing Executive,42105,3,3,Bachelor,Single,No,1,4,No
1250,Vikram Mishra,35,Male,HR,Recruiter,40939,5,3,Bachelor,Single,No,5,1,Yes
1251,Bhavana Reddy,34,Female,IT,Data Analyst,69734,7,4,Master,Single,Yes,3,5,No
1252,Rohan Kumar,29,Male,Marketing,SEO Specialist,49768,2,5,Master,Single,No,1,3,Yes
1253,Arun Kumar,24,Female,Marketing,Marketing Executive,43833,2,3,Diploma,Single,No,1,4,No
1254,Naveen Gupta,48,Female,IT,Software Engineer,80822,8,3,Bachelor,Married,No,1,1,Yes
1255,Divya Malhotra,22,Male,IT,Software Engineer,65591,0,2,Master,Single,No,2,4,Yes
1256,Rakesh Nair,33,Male,Finance,Accountant,46160,6,3,Bachelor,Married,No,3,3,No
1257,Akash Nair,34,Male,Finance,Financial Analyst,51041,3,2,Bachelor,Married,No,2,5,No
1258,Vikram Nair,30,Female,Operations,Operations Executive,38356,5,4,Bachelor,Single,Yes,1,4,No
1259,Varun Nair,31,Female,Sales,Business Development Executive,39731,0,4,Master,Single,Yes,2,4,Yes
1260,Bhavana Singh,29,Male,Operations,Supply Chain Analyst,54753,1,3,Bachelor,Single,No,2,2,Yes
1261,Kavya Nair,32,Male,Sales,Sales Manager,77179,13,2,Bachelor,Single,Yes,1,4,Yes
1262,Varun Singh,33,Male,Operations,Operations Executive,48890,3,3,Bachelor,Single,No,5,1,No
1263,Varun Pillai,36,Male,Sales,Business Development Executive,35561,5,4,Diploma,Single,No,4,2,No
1264,Asha Reddy,33,Female,Sales,Business Development Executive,45165,6,3,Master,Single,No,3,5,No
1265,Sanjay Verma,43,Female,Sales,Sales Executive,48822,1,5,Bachelor,Single,No,5,5,No
1266,Divya Verma,33,Female,Finance,Finance Manager,76183,1,3,Bachelor,Married,No,4,5,Yes
1267,Ankit Pillai,34,Male,IT,System Admin,60481,1,3,Master,Married,No,5,5,No
1268,Deepa Sharma,28,Male,Finance,Accountant,45457,3,2,Bachelor,Single,Yes,3,4,No
1269,Meena Singh,36,Female,Finance,Accountant,55975,7,3,Master,Single,No,1,1,No
1270,Priya Mishra,23,Male,Finance,Accountant,52740,4,3,Bachelor,Married,No,3,5,No
1271,Deepa Verma,26,Female,Operations,Operations Manager,75597,0,3,Bachelor,Married,No,2,1,No
1272,Sneha Chopra,29,Female,Finance,Finance Manager,67906,3,5,Bachelor,Married,No,3,1,No
1273,Divya Verma,45,Male,IT,BI Analyst,48699,5,5,Master,Single,Yes,1,5,No
1274,Meena Patel,22,Female,Marketing,Marketing Executive,46728,2,4,Bachelor,Single,Yes,4,1,Yes
1275,Asha Verma,37,Male,IT,Software Engineer,60424,10,4,Diploma,Single,No,2,1,No
1276,Karan Kumar,21,Male,IT,Software Engineer,65024,0,3,Master,Single,Yes,1,4,No
1277,Ritu Das,42,Male,Finance,Finance Manager,79714,5,5,Bachelor,Married,No,5,2,No
1278,Priya Chopra,25,Female,IT,System Admin,59545,6,5,Master,Married,Yes,3,4,No
1279,Karan Bhat,21,Female,IT,Software Engineer,58861,4,3,Master,Married,Yes,4,4,Yes
1280,Deepa Reddy,32,Female,Operations,Operations Executive,36738,7,5,Bachelor,Married,No,2,5,No
1281,Sanjay Gupta,24,Female,IT,System Admin,64897,4,4,Bachelor,Single,No,2,2,No
1282,Harish Sharma,25,Male,Finance,Accountant,49065,5,4,Master,Married,No,2,3,Yes
1283,Nisha Nair,25,Female,Marketing,SEO Specialist,38707,3,5,Master,Single,Yes,5,1,No
1284,Arun Kulkarni,25,Male,Sales,Business Development Executive,45251,6,2,Master,Married,Yes,2,3,Yes
1285,Isha Reddy,36,Male,Finance,Financial Analyst,54410,3,3,Master,Single,No,5,4,No
1286,Vikram Singh,31,Female,IT,System Admin,43600,0,3,Bachelor,Single,No,1,5,Yes
1287,Swathi Kumar,29,Female,IT,System Admin,49726,4,3,Bachelor,Single,No,5,1,No
1288,Varun Pillai,46,Male,Sales,Sales Manager,78105,1,4,Bachelor,Married,No,4,1,No
1289,Bhavana Kulkarni,39,Female,HR,HR Executive,44756,7,3,Master,Single,No,1,5,No
1290,Anu Sharma,32,Female,IT,Data Analyst,63212,9,3,Bachelor,Single,No,5,1,No
1291,Priya Rao,33,Female,IT,System Admin,48150,5,4,Bachelor,Married,Yes,2,4,No
1292,Karan Sharma,30,Female,IT,Software Engineer,70152,8,3,Bachelor,Married,No,5,5,No
1293,Rahul Rao,37,Female,IT,BI Analyst,50692,2,3,Master,Single,Yes,3,3,No
1294,Anu Shetty,23,Female,IT,BI Analyst,61214,3,3,Master,Married,No,1,2,No
1295,Vikram Joshi,26,Male,IT,Software Engineer,70167,4,3,Master,Married,No,4,4,No
1296,Vikram Mishra,38,Female,Sales,Business Development Executive,40847,3,4,Master,Single,No,5,5,No
1297,Isha Iyer,30,Male,Finance,Accountant,47547,4,4,Master,Married,No,3,1,No
1298,Priya Nair,36,Female,IT,System Admin,46633,0,4,Bachelor,Single,No,4,2,No
1299,Shreya Iyer,27,Male,Finance,Financial Analyst,64441,5,4,Master,Single,No,2,2,Yes
1300,Ritu Kulkarni,38,Male,Sales,Sales Executive,32748,3,4,Diploma,Single,No,1,1,No
1301,Divya Sharma,21,Male,Sales,Sales Manager,60349,6,3,Diploma,Married,No,5,1,No
1302,Rohan Pillai,27,Female,Operations,Operations Executive,42008,0,3,Bachelor,Single,No,5,1,No
1303,Ankit Shetty,27,Male,Finance,Financial Analyst,65350,3,4,Master,Married,No,4,1,No
1304,Pooja Singh,27,Female,Finance,Financial Analyst,54399,0,5,Bachelor,Married,No,5,5,Yes
1305,Sanjay Gupta,36,Male,IT,BI Analyst,55064,8,4,Master,Married,No,2,2,No
1306,Anu Patel,34,Male,HR,Recruiter,43514,1,3,Bachelor,Single,No,3,2,No
1307,Arun Gupta,29,Female,Marketing,SEO Specialist,53017,4,4,Bachelor,Single,No,4,1,No
1308,Priya Sharma,34,Female,Sales,Sales Executive,43036,6,5,Diploma,Single,No,3,4,No
1309,Ajay Jain,26,Male,Sales,Business Development Executive,46158,4,2,Diploma,Single,No,2,3,No
1310,Ajay Kumar,33,Male,Sales,Sales Executive,36909,8,4,Bachelor,Married,No,5,2,No
1311,Nisha Bhat,35,Female,IT,Data Analyst,56226,6,3,Diploma,Single,No,4,2,No
1312,Manoj Sharma,31,Female,Finance,Finance Manager,68357,8,3,Bachelor,Married,No,1,1,No
1313,Manoj Kumar,33,Male,Finance,Accountant,38516,1,5,Master,Single,Yes,5,2,No
1314,Shreya Joshi,39,Male,Sales,Sales Executive,42316,6,4,Master,Married,No,5,5,No
1315,Sneha Gupta,28,Male,Marketing,SEO Specialist,56865,3,3,Master,Single,No,5,4,No
1316,Ajay Singh,32,Male,IT,Data Analyst,51238,5,2,Bachelor,Single,No,2,2,Yes
1317,Varun Nair,32,Male,IT,Software Engineer,80997,5,3,Master,Married,No,1,5,Yes
1318,Shreya Malhotra,41,Female,Sales,Sales Manager,79881,7,4,Bachelor,Single,No,2,5,Yes
1319,Neha Jain,32,Female,Operations,Operations Manager,87132,7,5,Master,Married,No,1,3,Yes
1320,Meena Jain,24,Female,Operations,Operations Executive,45754,5,5,Master,Single,Yes,2,4,No
1321,Kavya Nair,41,Male,Finance,Accountant,56408,3,4,Bachelor,Married,No,2,1,No
1322,Vikram Rao,25,Female,Finance,Finance Manager,92633,2,4,Master,Single,No,1,3,Yes
1323,Shreya Kulkarni,24,Male,Sales,Sales Executive,37331,2,4,Bachelor,Married,No,2,4,Yes
1324,Divya Malhotra,28,Male,Sales,Sales Manager,62459,0,2,Bachelor,Married,No,5,2,Yes
1325,Bhavana Mishra,31,Female,IT,Data Analyst,65639,7,5,Bachelor,Single,No,1,3,No
1326,Sneha Kumar,25,Female,HR,Recruiter,35824,9,5,Master,Married,No,4,2,No
1327,Bhavana Jain,34,Male,IT,BI Analyst,71790,7,3,Bachelor,Single,No,4,2,No
1328,Akash Malhotra,27,Female,Finance,Finance Manager,66562,7,3,Master,Single,No,4,4,No
1329,Priya Gupta,24,Female,HR,Recruiter,38320,7,3,Master,Single,Yes,2,2,Yes
1330,Manoj Sharma,32,Male,Operations,Supply Chain Analyst,59848,6,4,Bachelor,Single,No,1,4,No
1331,Rohan Gupta,23,Female,IT,Software Engineer,83639,1,2,Bachelor,Single,Yes,4,2,No
1332,Rahul Verma,34,Male,Sales,Business Development Executive,45062,1,3,Bachelor,Single,No,5,3,No
1333,Rahul Singh,33,Female,Operations,Supply Chain Analyst,51024,0,3,Bachelor,Single,No,1,4,Yes
1334,Karan Reddy,36,Male,Sales,Business Development Executive,51822,0,4,Bachelor,Single,No,4,4,Yes
1335,Kavya Verma,34,Female,HR,HR Executive,36277,6,5,Diploma,Married,No,1,2,No
1336,Bhavana Kulkarni,26,Male,Sales,Sales Manager,67963,6,4,Master,Single,No,2,5,No
1337,Varun Jain,32,Male,IT,System Admin,61287,2,2,Bachelor,Married,No,1,4,No
1338,Asha Shetty,24,Male,Sales,Sales Executive,34801,0,3,Bachelor,Married,No,4,5,No
1339,Shreya Shetty,33,Female,Marketing,Digital Marketing Analyst,42824,0,3,Master,Single,No,3,2,No
1340,Karan Reddy,31,Male,HR,Recruiter,45670,3,5,Master,Single,Yes,1,5,No
1341,Vikram Singh,35,Male,Operations,Operations Executive,51506,3,4,Diploma,Married,No,5,5,No
1342,Naveen Singh,29,Male,Sales,Business Development Executive,36111,6,4,Master,Married,Yes,1,3,No
1343,Rohan Malhotra,33,Male,Finance,Finance Manager,74769,5,5,Master,Married,No,3,2,No
1344,Isha Verma,33,Female,Sales,Business Development Executive,49463,0,4,Bachelor,Single,No,4,1,Yes
1345,Harish Reddy,35,Male,IT,BI Analyst,62811,6,3,Bachelor,Married,No,1,5,No
1346,Naveen Gupta,24,Male,Operations,Operations Executive,48302,3,3,Master,Single,Yes,5,5,No
1347,Varun Verma,30,Male,Marketing,Marketing Executive,49183,4,4,Bachelor,Married,Yes,5,3,Yes
1348,Rohan Das,33,Male,Finance,Accountant,50482,8,2,Bachelor,Single,No,3,4,No
1349,Sanjay Rao,37,Female,Sales,Sales Executive,38231,0,3,Diploma,Single,No,3,3,Yes
1350,Akash Kumar,34,Female,Sales,Sales Manager,82397,8,3,Master,Married,Yes,2,2,No
1351,Shreya Mishra,33,Female,Marketing,Marketing Executive,40543,7,4,Diploma,Single,Yes,4,2,Yes
1352,Naveen Singh,43,Male,IT,System Admin,61304,7,3,Diploma,Single,No,2,4,Yes
1353,Varun Pillai,32,Female,IT,System Admin,53986,7,3,Diploma,Single,No,4,3,Yes
1354,Varun Malhotra,31,Male,Sales,Sales Manager,60249,4,2,Bachelor,Single,No,3,2,Yes
1355,Rahul Reddy,28,Female,IT,Data Analyst,52733,9,5,Master,Single,Yes,3,5,No
1356,Karan Shetty,26,Male,Marketing,Marketing Executive,35513,9,3,Bachelor,Single,No,3,2,Yes
1357,Ritu Kumar,33,Male,Finance,Accountant,48397,0,3,Master,Single,Yes,4,4,Yes
1358,Arun Chopra,33,Female,Operations,Operations Executive,46547,0,3,Master,Single,No,2,4,No
1359,Sanjay Bhat,34,Female,Sales,Business Development Executive,42700,7,4,Master,Married,Yes,3,2,No
1360,Bhavana Chopra,27,Male,Marketing,Digital Marketing Analyst,41912,4,3,Bachelor,Single,No,4,4,No
1361,Vikram Bhat,42,Male,Sales,Sales Manager,84274,2,3,Master,Single,No,5,3,No
1362,Pooja Malhotra,24,Male,Finance,Finance Manager,70825,8,5,Master,Single,No,5,3,No
1363,Neha Singh,42,Male,Operations,Operations Executive,39109,4,5,Bachelor,Married,Yes,1,1,No
1364,Asha Mishra,37,Female,Sales,Sales Executive,40399,8,5,Bachelor,Married,No,1,3,Yes
1365,Sanjay Malhotra,26,Female,IT,Data Analyst,54318,3,4,Bachelor,Married,No,3,3,No
1366,Pooja Jain,38,Male,Sales,Business Development Executive,49452,9,3,Diploma,Married,No,4,4,No
1367,Priya Kulkarni,34,Female,IT,Data Analyst,51853,1,3,Bachelor,Married,Yes,3,3,No
1368,Rahul Rao,42,Female,IT,Software Engineer,69979,2,4,Bachelor,Single,Yes,2,1,No
1369,Nisha Rao,28,Female,Finance,Accountant,55449,5,3,Bachelor,Single,No,3,1,Yes
1370,Nisha Gupta,40,Male,Sales,Sales Executive,48416,7,3,Bachelor,Single,No,3,3,No
1371,Anu Nair,33,Male,IT,Data Analyst,66550,5,3,Bachelor,Married,No,4,4,No
1372,Naveen Iyer,31,Female,Sales,Business Development Executive,41498,6,4,Diploma,Married,Yes,4,2,No
1373,Kavya Verma,21,Female,Operations,Operations Manager,80146,3,5,Diploma,Single,Yes,5,5,No
1374,Rakesh Verma,32,Male,Operations,Operations Manager,78043,1,4,Master,Married,No,2,5,Yes
1375,Anu Das,33,Female,IT,System Admin,55692,3,4,Master,Single,No,3,3,No
1376,Harish Pillai,41,Female,Finance,Financial Analyst,53319,9,3,Bachelor,Single,Yes,3,3,No
1377,Manoj Reddy,28,Female,Finance,Finance Manager,71120,4,3,Bachelor,Married,No,4,1,No
1378,Ajay Mishra,30,Female,IT,System Admin,58067,3,4,Master,Married,No,1,2,No
1379,Karan Patel,32,Female,IT,Software Engineer,53557,2,3,Master,Married,Yes,3,4,No
1380,Divya Shetty,24,Male,Operations,Supply Chain Analyst,56364,6,4,Diploma,Married,No,5,5,No
1381,Pooja Singh,34,Female,Finance,Financial Analyst,45568,2,3,Master,Married,No,1,2,Yes
1382,Divya Chopra,36,Female,Operations,Operations Manager,87367,2,4,Master,Single,Yes,1,3,No
1383,Divya Pillai,32,Female,Operations,Operations Executive,34787,6,4,Master,Single,No,5,3,Yes
1384,Nisha Reddy,30,Female,IT,Software Engineer,63789,5,4,Bachelor,Single,No,4,1,No
1385,Harish Gupta,27,Female,Finance,Accountant,53084,3,3,Master,Married,Yes,2,1,Yes
1386,Manoj Gupta,29,Female,HR,HR Manager,75234,2,3,Bachelor,Single,No,1,1,No
1387,Ankit Mishra,29,Male,Finance,Finance Manager,83739,0,5,Bachelor,Married,No,1,3,Yes
1388,Priya Joshi,28,Female,IT,Data Analyst,54242,3,3,Diploma,Married,No,1,2,Yes
1389,Ankit Gupta,29,Male,HR,HR Manager,59919,3,4,Bachelor,Single,Yes,3,2,No
1390,Akash Malhotra,30,Female,HR,HR Manager,62032,5,4,Bachelor,Married,No,1,1,No
1391,Deepa Shetty,36,Female,IT,BI Analyst,59764,2,4,Bachelor,Single,Yes,2,4,No
1392,Isha Patel,23,Female,Sales,Sales Executive,34615,1,4,Bachelor,Single,No,2,1,No
1393,Priya Jain,28,Female,Sales,Sales Manager,74519,3,3,Master,Single,Yes,5,1,No
1394,Bhavana Verma,26,Female,Sales,Business Development Executive,45467,0,3,Bachelor,Married,No,1,3,Yes
1395,Rakesh Rao,28,Female,Marketing,SEO Specialist,56189,5,3,Master,Single,Yes,1,1,Yes
1396,Neha Shetty,34,Male,Operations,Operations Manager,82186,2,3,Diploma,Single,Yes,4,5,No
1397,Deepa Patel,28,Female,IT,Software Engineer,50179,1,3,Master,Single,No,4,4,Yes
1398,Vikram Reddy,30,Female,Marketing,SEO Specialist,39289,1,2,Bachelor,Married,No,5,2,No
1399,Bhavana Nair,34,Female,Sales,Sales Manager,64853,0,4,Bachelor,Married,No,4,1,No
1400,Rohan Reddy,28,Female,Operations,Operations Manager,75137,5,3,Bachelor,Single,No,2,1,No
1401,Asha Sharma,32,Male,Operations,Supply Chain Analyst,45742,12,5,Diploma,Single,Yes,4,2,No
1402,Divya Nair,33,Male,Sales,Sales Executive,38315,1,4,Master,Single,No,4,5,No
1403,Rakesh Rao,30,Female,Sales,Sales Manager,68330,0,5,Master,Married,No,2,4,No
1404,Vikram Rao,30,Female,Sales,Sales Executive,31051,2,3,Bachelor,Single,Yes,4,1,Yes
1405,Shreya Das,36,Male,Sales,Sales Executive,44645,2,5,Master,Single,Yes,1,1,No
1406,Bhavana Kumar,30,Female,IT,System Admin,60445,2,2,Master,Married,No,5,1,No
1407,Swathi Chopra,41,Female,Sales,Sales Manager,79950,3,4,Master,Single,Yes,3,5,No
1408,Shreya Nair,41,Male,IT,BI Analyst,63179,6,4,Master,Single,Yes,1,2,No
1409,Akash Kumar,33,Male,Marketing,Digital Marketing Analyst,41609,5,3,Diploma,Married,Yes,4,3,No
1410,Isha Nair,33,Male,IT,Software Engineer,68946,0,3,Bachelor,Married,No,5,5,No
1411,Sanjay Das,29,Female,Operations,Supply Chain Analyst,49023,7,2,Master,Single,No,2,1,No
1412,Rakesh Bhat,30,Female,Marketing,SEO Specialist,39115,0,3,Bachelor,Married,No,1,3,No
1413,Rakesh Nair,30,Female,Operations,Operations Executive,48699,9,3,Master,Married,No,5,5,No
1414,Priya Bhat,38,Female,HR,Recruiter,48358,4,4,Master,Married,No,5,1,No
1415,Sneha Chopra,36,Male,Operations,Supply Chain Analyst,58814,3,4,Bachelor,Single,No,3,5,No
1416,Rohan Pillai,21,Male,Operations,Operations Manager,61534,1,3,Bachelor,Single,No,3,5,No
1417,Shreya Chopra,40,Female,Finance,Accountant,54741,3,3,Bachelor,Married,Yes,1,2,No
1418,Akash Shetty,29,Male,IT,Software Engineer,53278,3,4,Bachelor,Single,No,5,4,No
1419,Varun Singh,42,Male,IT,Data Analyst,61199,9,5,Bachelor,Married,Yes,4,1,No
1420,Rahul Malhotra,44,Female,IT,System Admin,47954,4,3,Bachelor,Single,No,5,4,No
1421,Sanjay Joshi,32,Male,Operations,Operations Manager,60839,0,4,Bachelor,Single,No,5,4,No
1422,Kavya Kumar,39,Female,IT,BI Analyst,55967,0,3,Bachelor,Single,Yes,3,5,No
1423,Sneha Malhotra,32,Female,Sales,Sales Executive,47455,1,4,Master,Married,Yes,5,4,No
1424,Kavya Sharma,27,Female,HR,Recruiter,44862,1,5,Bachelor,Single,No,5,4,No
1425,Ritu Verma,27,Female,Finance,Accountant,59665,2,3,Bachelor,Married,No,2,3,No
1426,Vikram Mishra,27,Male,Operations,Operations Executive,42146,7,3,Bachelor,Married,No,3,2,Yes
1427,Arun Malhotra,24,Male,Sales,Sales Executive,46239,5,3,Master,Single,Yes,3,3,Yes
1428,Harish Pillai,38,Female,HR,Recruiter,48846,2,5,Master,Single,No,4,4,No
1429,Isha Sharma,26,Female,Operations,Operations Manager,77914,3,4,Bachelor,Single,No,5,1,No
1430,Isha Rao,38,Female,Operations,Supply Chain Analyst,52697,5,3,Bachelor,Single,No,1,2,No
1431,Manoj Joshi,27,Male,Finance,Financial Analyst,67822,5,4,Master,Married,Yes,5,4,No
1432,Meena Malhotra,24,Male,Operations,Supply Chain Analyst,45625,6,4,Master,Single,No,3,1,Yes
1433,Priya Jain,33,Male,Finance,Accountant,41715,3,5,Bachelor,Married,No,1,3,Yes
1434,Naveen Gupta,25,Female,Finance,Accountant,48301,1,4,Master,Married,No,2,4,Yes
1435,Pooja Kulkarni,34,Male,IT,System Admin,51867,8,3,Bachelor,Single,Yes,5,5,No
1436,Nisha Jain,27,Female,Operations,Supply Chain Analyst,62099,5,2,Diploma,Married,No,3,5,No
1437,Deepa Sharma,21,Male,HR,Recruiter,47390,2,3,Master,Married,Yes,3,4,No
1438,Neha Kumar,30,Male,Sales,Sales Manager,67946,1,5,Bachelor,Single,No,4,2,No
1439,Ritu Malhotra,25,Female,Marketing,Digital Marketing Analyst,52992,2,5,Bachelor,Single,No,1,1,No
1440,Harish Das,32,Female,IT,Data Analyst,54637,3,4,Master,Single,Yes,2,2,Yes
1441,Naveen Nair,21,Male,Sales,Sales Manager,62590,0,3,Bachelor,Single,Yes,1,1,Yes
1442,Sanjay Rao,27,Male,HR,HR Manager,58550,5,4,Bachelor,Single,Yes,5,1,No
1443,Isha Kumar,21,Female,Sales,Sales Manager,85742,3,3,Bachelor,Single,No,3,4,No
1444,Sanjay Kumar,27,Male,Sales,Business Development Executive,40394,8,4,Master,Married,No,2,1,Yes
1445,Ajay Verma,28,Male,IT,BI Analyst,63112,5,3,Bachelor,Married,No,5,1,No
1446,Harish Kumar,31,Female,IT,System Admin,50297,0,3,Bachelor,Single,No,5,3,No
1447,Divya Gupta,35,Male,HR,HR Manager,57513,5,3,Master,Single,No,2,2,Yes
1448,Harish Rao,34,Male,Operations,Supply Chain Analyst,56770,16,4,Master,Married,No,5,1,No
1449,Karan Reddy,21,Male,Marketing,Marketing Executive,49658,9,4,Master,Single,Yes,2,5,Yes
1450,Naveen Iyer,29,Female,Operations,Supply Chain Analyst,43366,5,4,Bachelor,Married,No,4,2,No
1451,Asha Patel,30,Female,HR,HR Manager,62520,3,3,Master,Married,Yes,2,3,No
1452,Neha Verma,27,Female,Marketing,SEO Specialist,38194,5,4,Master,Single,No,3,5,No
1453,Ritu Malhotra,21,Male,IT,System Admin,64558,6,3,Bachelor,Married,Yes,5,3,Yes
1454,Meena Bhat,28,Female,IT,Data Analyst,66091,1,4,Master,Married,No,3,2,No
1455,Meena Malhotra,28,Male,Sales,Business Development Executive,52291,8,5,Master,Married,No,4,5,No
1456,Rahul Reddy,27,Male,HR,Recruiter,39158,5,4,Bachelor,Single,Yes,4,2,Yes
1457,Sanjay Singh,26,Male,Operations,Operations Manager,79411,6,4,Bachelor,Single,Yes,5,2,No
1458,Karan Kulkarni,35,Female,IT,Data Analyst,63565,10,5,Diploma,Married,No,4,2,No
1459,Naveen Kulkarni,29,Female,Operations,Operations Executive,34069,6,3,Bachelor,Married,Yes,2,2,Yes
1460,Asha Bhat,31,Male,Sales,Sales Manager,83424,8,3,Diploma,Single,No,5,4,No
1461,Varun Singh,26,Female,HR,Recruiter,39740,6,3,Master,Single,No,2,5,No
1462,Kavya Chopra,29,Female,Finance,Accountant,44389,4,4,Bachelor,Married,No,5,2,No
1463,Ajay Kumar,31,Female,IT,Data Analyst,45114,5,2,Master,Married,No,4,2,No
1464,Vikram Reddy,30,Male,Operations,Operations Manager,81903,5,3,Bachelor,Single,No,4,4,No
1465,Deepa Mishra,40,Male,HR,HR Manager,55051,7,5,Bachelor,Single,Yes,2,3,No
1466,Pooja Bhat,36,Male,IT,System Admin,55752,3,2,Master,Single,No,2,4,No
1467,Varun Chopra,25,Female,IT,BI Analyst,66200,7,3,Bachelor,Single,Yes,4,5,No
1468,Ankit Sharma,36,Female,IT,BI Analyst,66656,8,3,Bachelor,Married,Yes,4,1,No
1469,Deepa Verma,27,Female,Finance,Accountant,58678,3,2,Bachelor,Single,No,3,4,No
1470,Neha Mishra,21,Female,Sales,Sales Manager,62386,3,4,Bachelor,Married,No,3,2,No
1471,Swathi Reddy,36,Male,Sales,Sales Executive,42618,3,3,Bachelor,Single,No,4,3,No
1472,Ritu Pillai,34,Female,HR,HR Manager,60800,3,3,Master,Married,No,4,3,No
1473,Deepa Shetty,32,Male,IT,Data Analyst,49321,1,2,Master,Married,No,3,3,Yes
1474,Bhavana Shetty,31,Male,Finance,Financial Analyst,49637,0,4,Bachelor,Single,No,1,5,Yes
1475,Manoj Verma,29,Female,Sales,Sales Executive,39014,0,5,Bachelor,Married,Yes,3,4,No
1476,Rakesh Kumar,38,Male,IT,Software Engineer,71502,6,4,Bachelor,Single,Yes,5,5,No
1477,Kavya Reddy,33,Male,HR,HR Executive,35938,9,4,Diploma,Married,Yes,3,4,Yes
1478,Asha Malhotra,25,Male,Sales,Business Development Executive,38806,9,2,Bachelor,Married,No,1,1,No
1479,Bhavana Das,36,Female,IT,BI Analyst,55451,3,5,Master,Single,No,1,3,No
1480,Vikram Reddy,37,Female,HR,HR Manager,55150,1,3,Bachelor,Single,No,3,1,No
1481,Akash Bhat,26,Male,Operations,Operations Manager,77101,2,4,Bachelor,Single,No,2,5,No
1482,Sanjay Gupta,27,Male,Sales,Sales Manager,80460,1,3,Bachelor,Married,No,4,1,No
1483,Meena Shetty,38,Male,Operations,Operations Executive,42448,3,4,Bachelor,Married,No,1,1,Yes
1484,Rakesh Singh,33,Male,Marketing,SEO Specialist,44389,2,3,Bachelor,Single,Yes,3,4,No
1485,Deepa Singh,21,Male,IT,Software Engineer,79347,5,4,Bachelor,Single,No,1,4,Yes
1486,Swathi Joshi,21,Male,Operations,Supply Chain Analyst,54537,4,5,Bachelor,Single,No,3,2,No
1487,Rohan Shetty,22,Female,Sales,Sales Executive,41799,10,3,Bachelor,Married,No,1,4,No
1488,Arun Patel,36,Female,HR,Recruiter,49783,4,3,Bachelor,Married,No,5,3,No
1489,Sanjay Rao,38,Male,Sales,Business Development Executive,38280,1,4,Master,Married,No,1,1,Yes
1490,Karan Sharma,34,Female,HR,HR Manager,77503,5,3,Master,Married,No,4,1,No
1491,Shreya Gupta,32,Male,Sales,Business Development Executive,35021,8,5,Bachelor,Married,Yes,1,2,No
1492,Divya Verma,35,Male,IT,System Admin,52469,5,5,Bachelor,Single,No,1,1,Yes
1493,Naveen Iyer,21,Male,Operations,Supply Chain Analyst,45273,1,3,Diploma,Single,No,1,4,No
1494,Priya Patel,30,Female,Marketing,Digital Marketing Analyst,61837,4,5,Master,Married,No,1,2,No
1495,Arun Sharma,24,Male,HR,Recruiter,46305,11,5,Master,Married,No,1,2,No
1496,Varun Malhotra,40,Female,IT,Software Engineer,54719,6,5,Bachelor,Single,No,3,1,No
1497,Rohan Gupta,31,Male,Operations,Operations Executive,46248,3,5,Master,Single,No,3,2,No
1498,Isha Bhat,25,Female,HR,Recruiter,41517,4,2,Bachelor,Single,No,1,1,No
1499,Shreya Gupta,32,Male,HR,HR Manager,71415,0,4,Bachelor,Single,No,2,4,Yes
1500,Nisha Das,33,Female,Finance,Accountant,38672,4,4,Bachelor,Married,No,3,2,Yes
